기준_날짜,행정동_ID,승객_수
2023-09-27,1101057,2062.0
2023-12-11,1108058,15209.0
2023-07-02,1118060,4822.0
2023-03-19,1116069,10780.0
2023-02-01,1123073,3913.0
2023-02-06,1123051,12996.0
2023-01-03,1107069,25435.0
2023-09-26,1125052,30307.0
2023-12-05,1120054,22265.0
2023-08-01,1102052,88197.0
2023-11-12,1124057,7210.0
2023-02-12,1101070,5270.0
2023-12-21,1123059,39508.0
2023-03-28,1123060,14479.0
2023-01-06,1109062,7508.0
2023-07-09,1124059,19165.0
2023-06-19,1102068,5109.0
2023-08-20,1113065,3533.0
2023-10-13,1123075,48462.0
2023-01-26,1102060,63763.0
2023-11-05,1113075,54677.0
2023-07-05,1112052,21806.0
2023-02-09,1116070,21119.0
2023-09-19,1102052,98216.0
2023-02-08,1103072,9418.0
2023-09-29,1110059,19931.0
2023-05-07,1105062,34608.0
2023-12-11,11170730,22372.0
2023-11-06,1112066,20913.0
2023-10-13,1124061,21005.0
2023-08-27,1105060,16966.0
2023-08-08,1118055,11772.0
2023-08-16,1113075,85730.0
2023-11-11,1119065,5340.0
2023-08-05,1111060,6978.0
2023-06-13,1115063,6534.0
2023-12-17,1102071,12894.0
2023-10-13,1108058,16022.0
2023-10-11,1116066,2399.0
2023-05-03,1120067,4773.0
2023-07-29,1102055,72465.0
2023-04-30,1109064,6504.0
2023-06-18,1119070,4038.0
2023-03-14,1125056,5450.0
2023-02-02,1125054,16459.0
2023-04-16,1103059,1839.0
2023-08-02,1104065,14021.0
2023-02-10,1124068,4917.0
2023-01-06,1117052,4081.0
2023-03-16,1110064,10874.0
2023-03-13,1121052,11974.0
2023-07-06,1104052,20662.0
2023-07-15,1115054,7369.0
2023-08-08,1101068,245.0
2023-09-01,1105059,56380.0
2023-10-10,1111078,27062.0
2023-01-22,1104058,1768.0
2023-07-07,1125056,6067.0
2023-02-24,1109073,7819.0
2023-09-11,1116074,37002.0
2023-05-16,1115061,4883.0
2023-06-22,1111051,12759.0
2023-01-16,1115062,5455.0
2023-11-20,1108077,16992.0
2023-10-19,1106087,20527.0
2023-09-05,1104058,5277.0
2023-02-25,1123078,15379.0
2023-11-27,1121083,16137.0
2023-01-14,1119071,3971.0
2023-08-25,1118060,8354.0
2023-03-24,1103066,4470.0
2023-06-09,1120069,6979.0
2023-03-24,1114070,5520.0
2023-10-29,1104052,10604.0
2023-09-19,1110062,13050.0
2023-12-20,11170740,
2023-12-04,1122060,93353.0
2023-06-03,1105055,3912.0
2023-09-11,1115060,6274.0
2023-10-11,1109073,8015.0
2023-05-20,1107069,19595.0
2023-06-30,1109065,23013.0
2023-03-05,1108062,7276.0
2023-05-08,1108085,35448.0
2023-07-08,1119070,4884.0
2023-06-22,1121073,26944.0
2023-07-09,1106080,8445.0
2023-12-16,1107071,23768.0
2023-07-22,1115064,4921.0
2023-08-11,1117052,4083.0
2023-10-24,1112065,29285.0
2023-04-01,1102055,82304.0
2023-04-11,1104056,44835.0
2023-03-31,1123065,19126.0
2023-07-19,1119073,25903.0
2023-04-26,1112072,
2023-04-05,1120065,6856.0
2023-10-30,1124082,15093.0
2023-04-26,1112066,
2023-01-24,1121066,5897.0
2023-05-09,1115051,64739.0
2023-06-05,1110052,10070.0
2023-11-21,1121078,14872.0
2023-03-29,1112060,7112.0
2023-01-07,1123080,9905.0
2023-01-01,1120073,23487.0
2023-09-21,1110064,11320.0
2023-12-27,1122057,23302.0
2023-04-30,1107060,27399.0
2023-10-04,1114078,32655.0
2023-07-07,1115052,32235.0
2023-04-12,1125067,5133.0
2023-06-13,1125053,17417.0
2023-01-16,1104072,5112.0
2023-10-31,1111056,29705.0
2023-12-07,1102068,5032.0
2023-01-01,1112066,8394.0
2023-03-05,1112060,3393.0
2023-06-09,1120053,65494.0
2023-09-28,1119075,2956.0
2023-11-11,1116063,6710.0
2023-02-19,1105064,4053.0
2023-10-07,1103059,4143.0
2023-05-05,1108072,12698.0
2023-05-13,1117052,2803.0
2023-03-09,1111052,14928.0
2023-01-10,1112072,10780.0
2023-09-21,1123076,18896.0
2023-01-27,1108068,11080.0
2023-07-26,1106072,29265.0
2023-05-18,1121066,15532.0
2023-08-06,1123060,9574.0
2023-12-18,1116070,20475.0
2023-08-10,1115070,10598.0
2023-09-15,1121054,4493.0
2023-09-16,1106073,10115.0
2023-05-05,1119067,2334.0
2023-05-22,1113076,30550.0
2023-06-28,1120068,49061.0
2023-05-08,1119055,37123.0
2023-11-13,1105066,6684.0
2023-09-12,1101067,10655.0
2023-04-05,1102059,48407.0
2023-04-21,1112059,19374.0
2023-05-23,1104058,5275.0
2023-05-23,1115058,7437.0
2023-05-15,1107070,11402.0
2023-08-24,1121054,4464.0
2023-11-10,1115062,5578.0
2023-11-03,1104067,6319.0
2023-03-22,1107055,5077.0
2023-04-14,1103051,6402.0
2023-11-28,1109070,28573.0
2023-04-03,1103069,8520.0
2023-05-09,1108063,11995.0
2023-10-10,1112055,44267.0
2023-07-18,1123053,66854.0
2023-09-17,1118057,14766.0
2023-04-25,1110060,7751.0
2023-02-02,1105056,6266.0
2023-06-03,1111053,10219.0
2023-10-16,1114060,49222.0
2023-09-11,1116063,8592.0
2023-12-04,1114074,61314.0
2023-04-13,1125073,11410.0
2023-09-06,1118051,98451.0
2023-02-11,1125051,8315.0
2023-08-02,1104069,3422.0
2023-04-03,1105062,40571.0
2023-05-06,1109069,7906.0
2023-10-21,1107072,22401.0
2023-01-20,1109073,7847.0
2023-01-12,1125066,61269.0
2023-04-28,1110064,11496.0
2023-07-19,1108072,26673.0
2023-02-24,1117072,35810.0
2023-01-13,1122062,25304.0
2023-07-09,1122060,84002.0
2023-05-25,1124065,10655.0
2023-10-22,1116055,4995.0
2023-12-25,1102052,64832.0
2023-03-20,1113071,6451.0
2023-06-13,1110054,6462.0
2023-02-09,1101068,107.0
2023-09-14,1123080,19255.0
2023-12-27,1108082,60528.0
2023-01-01,1113062,18421.0
2023-07-22,1108083,15059.0
2023-04-16,1107073,12381.0
2023-03-11,1110065,21743.0
2023-01-16,1101054,3993.0
2023-05-13,1119067,3189.0
2023-08-01,1108061,15356.0
2023-12-22,1102068,5243.0
2023-09-06,1124078,30781.0
2023-03-04,1122054,10563.0
2023-09-05,1108062,14655.0
2023-06-27,1123072,21518.0
2023-04-08,1105057,12606.0
2023-07-10,1113068,22685.0
2023-05-09,1117068,28111.0
2023-11-04,1109065,17365.0
2023-01-08,1109070,14955.0
2023-07-01,1107071,22657.0
2023-01-25,1123067,26928.0
2023-06-26,1101060,2245.0
2023-05-05,1122062,9259.0
2023-09-26,1123053,66811.0
2023-10-26,1101055,12437.0
2023-04-27,1125056,5349.0
2023-10-05,1116057,5191.0
2023-11-10,1112056,19278.0
2023-03-16,1113062,45087.0
2023-01-03,1119075,5180.0
2023-03-03,1109061,9956.0
2023-03-08,1113066,7648.0
2023-09-24,1114066,158647.0
2023-08-26,1108066,29179.0
2023-04-23,1117056,14347.0
2023-09-06,1122055,16095.0
2023-01-04,1123052,76457.0
2023-02-25,1125067,3848.0
2023-03-11,1121071,4426.0
2023-05-04,1103051,6151.0
2023-08-07,1101072,7085.0
2023-11-04,1108072,18386.0
2023-05-15,1123074,15290.0
2023-11-08,1112068,11086.0
2023-02-09,1102055,99227.0
2023-10-05,1114078,33462.0
2023-09-07,1105066,7160.0
2023-10-11,1121079,10767.0
2023-06-11,1107071,16408.0
2023-12-12,1103073,99730.0
2023-07-09,1118059,1918.0
2023-05-07,1120053,30692.0
2023-04-04,1108081,16065.0
2023-11-12,1117067,7887.0
2023-10-14,1116072,6059.0
2023-04-16,1116055,4904.0
2023-10-14,1121079,7273.0
2023-05-06,1120068,26433.0
2023-12-27,1124071,19483.0
2023-06-16,1110064,11397.0
2023-01-15,1124067,9749.0
2023-11-11,11170740,
2023-03-15,1101055,14008.0
2023-03-01,1104067,4127.0
2023-05-23,1107062,28580.0
2023-05-15,1125052,28974.0
2023-12-09,1101058,7474.0
2023-10-07,1106073,9503.0
2023-04-26,1107061,
2023-10-07,1121063,71257.0
2023-11-24,1122055,15994.0
2023-10-03,1107064,4211.0
2023-09-27,1115060,6783.0
2023-08-27,1122060,88699.0
2023-08-09,1119065,6804.0
2023-02-07,1103058,13304.0
2023-04-30,1125074,11634.0
2023-11-10,1124060,24207.0
2023-04-21,1110055,17968.0
2023-03-31,1108085,36282.0
2023-07-05,1101071,22990.0
2023-08-16,1106086,11817.0
2023-03-10,1120068,50851.0
2023-05-13,1104065,14732.0
2023-12-01,1101069,5710.0
2023-12-22,1104070,48647.0
2023-06-06,1122051,21787.0
2023-05-06,1120065,3862.0
2023-10-21,1105067,15965.0
2023-11-28,1114071,7035.0
2023-02-23,1116058,4587.0
2023-08-06,1116071,28098.0
2023-12-20,1112071,49235.0
2023-06-01,1103059,3297.0
2023-10-19,1107073,21487.0
2023-07-06,1116054,38615.0
2023-10-29,1123060,10175.0
2023-06-30,1101056,9472.0
2023-03-06,1103073,90767.0
2023-03-07,1113066,7730.0
2023-06-24,1123065,12092.0
2023-08-14,1107057,5974.0
2023-10-14,1103053,31974.0
2023-01-07,1104055,14025.0
2023-12-24,1112071,31668.0
2023-01-22,1122061,1866.0
2023-08-05,1116063,6659.0
2023-04-11,1117069,31462.0
2023-01-22,1115062,1802.0
2023-04-08,1103072,6565.0
2023-06-13,1120053,66504.0
2023-02-24,1103051,5943.0
2023-12-10,1108066,21586.0
2023-05-27,1113064,6952.0
2023-06-14,1110052,9894.0
2023-04-22,1107055,3749.0
2023-05-28,1122062,8660.0
2023-03-03,1114076,28207.0
2023-09-17,1107060,26812.0
2023-02-14,1122058,10127.0
2023-03-18,1103072,6403.0
2023-02-15,1105057,17121.0
2023-09-21,1108058,16813.0
2023-07-03,1121065,2845.0
2023-11-05,1114063,1233.0
2023-09-23,1104069,2397.0
2023-07-16,1122053,41332.0
2023-04-01,1115070,9466.0
2023-01-31,1113073,51919.0
2023-12-01,1106086,11819.0
2023-03-17,1116061,16181.0
2023-12-17,1116059,2908.0
2023-09-27,1120063,9303.0
2023-07-14,1102052,90667.0
2023-01-15,1121078,8194.0
2023-08-17,1116064,53180.0
2023-08-29,1114075,7938.0
2023-05-30,1120056,7722.0
2023-02-05,1122058,6550.0
2023-04-26,1115071,
2023-01-20,1115053,22365.0
2023-05-05,1112068,4107.0
2023-05-21,1114069,5145.0
2023-02-23,1108060,21199.0
2023-08-16,1121063,73575.0
2023-06-29,1108083,16603.0
2023-06-05,1112051,33537.0
2023-11-11,1123060,13060.0
2023-11-23,1112055,43449.0
2023-02-21,1114076,25605.0
2023-09-10,1120067,2492.0
2023-07-05,1123071,6949.0
2023-12-18,1118054,15542.0
2023-03-27,1112055,44246.0
2023-10-20,1115063,6530.0
2023-03-24,1120055,8978.0
2023-12-12,1106087,20763.0
2023-10-04,1102052,88251.0
2023-02-13,1119070,5875.0
2023-08-30,1111065,21390.0
2023-04-14,1112058,36606.0
2023-02-15,1123053,68257.0
2023-10-17,1111051,14653.0
2023-07-29,1119073,26662.0
2023-12-06,1125055,4244.0
2023-12-22,1120052,14990.0
2023-01-21,1121057,7847.0
2023-09-29,1106082,11019.0
2023-08-13,1106072,15602.0
2023-06-19,1122065,11067.0
2023-01-23,1115064,2258.0
2023-04-26,1105064,
2023-10-22,1115057,2588.0
2023-03-13,1108085,34948.0
2023-02-13,1125074,18516.0
2023-11-15,1113073,57362.0
2023-06-11,1125066,35703.0
2023-06-23,1117070,7759.0
2023-09-26,1106089,16969.0
2023-09-24,1116072,5096.0
2023-09-03,1123063,26383.0
2023-07-03,1122052,121523.0
2023-04-22,1110061,4362.0
2023-04-23,1109073,4470.0
2023-09-16,1121081,9173.0
2023-11-07,11250760,0.0
2023-04-13,1120066,14011.0
2023-08-11,1120054,20733.0
2023-08-09,1123077,70913.0
2023-02-25,1111056,17002.0
2023-03-13,1116052,17212.0
2023-10-07,1125073,8943.0
2023-08-29,1108077,16457.0
2023-08-17,1116053,8591.0
2023-06-04,1104067,3834.0
2023-01-25,1105066,6168.0
2023-03-30,1116071,38095.0
2023-06-01,1122066,84980.0
2023-05-27,1122066,43803.0
2023-11-20,1125065,17785.0
2023-01-07,1102055,65524.0
2023-02-22,1119070,6262.0
2023-12-07,1121052,11905.0
2023-10-23,1101063,75472.0
2023-12-20,1119071,5175.0
2023-10-21,1105064,5314.0
2023-01-05,1111072,16497.0
2023-04-15,1120053,40324.0
2023-09-28,1102055,51276.0
2023-04-17,1124056,6513.0
2023-05-19,1105059,62927.0
2023-10-19,1117056,26701.0
2023-12-13,1104065,13353.0
2023-06-15,1120054,22346.0
2023-02-26,1111066,33940.0
2023-12-16,1121057,13779.0
2023-02-03,1108061,15869.0
2023-05-01,1121082,8667.0
2023-05-10,1105066,6950.0
2023-09-15,1123078,23270.0
2023-08-20,1113068,12168.0
2023-08-13,1121058,10350.0
2023-05-11,1120073,57950.0
2023-06-17,1103070,5025.0
2023-04-23,1112074,9024.0
2023-10-03,1120053,29527.0
2023-01-13,1124058,13440.0
2023-10-03,1114076,14913.0
2023-02-07,1121063,76416.0
2023-02-10,1125053,17153.0
2023-04-05,1125061,14052.0
2023-02-03,1113073,52236.0
2023-03-07,1124065,10641.0
2023-03-09,1124081,31149.0
2023-01-19,1121065,2950.0
2023-05-10,1107069,27514.0
2023-03-08,1124066,36907.0
2023-09-26,1121062,37681.0
2023-01-24,1118051,20961.0
2023-09-26,1104071,9008.0
2023-11-16,1119055,37572.0
2023-10-12,1122064,33386.0
2023-05-02,1101073,19160.0
2023-05-19,1123076,18970.0
2023-12-29,1124082,14670.0
2023-01-30,1110064,10318.0
2023-08-16,1124057,11337.0
2023-03-06,1121079,10318.0
2023-12-16,1108059,4761.0
2023-08-27,1101067,7377.0
2023-03-29,1106089,16343.0
2023-09-14,1115059,3904.0
2023-05-19,1119066,4698.0
2023-06-16,1120056,7839.0
2023-09-24,1105061,17180.0
2023-03-13,1123064,149859.0
2023-04-22,1115052,22043.0
2023-04-29,1102069,21905.0
2023-10-03,1120071,14694.0
2023-01-17,1115061,4260.0
2023-08-02,1120063,8951.0
2023-11-03,1113052,19814.0
2023-06-29,1119067,4341.0
2023-05-14,1117052,1979.0
2023-07-10,1116061,15515.0
2023-08-09,1104055,17632.0
2023-09-24,1109064,6471.0
2023-09-13,1109074,17204.0
2023-02-04,1116070,12999.0
2023-02-20,1119065,6501.0
2023-04-10,1117070,7407.0
2023-01-19,1121063,76774.0
2023-04-28,1114061,4468.0
2023-05-19,1101057,2574.0
2023-11-10,1121065,3010.0
2023-07-08,1121065,2175.0
2023-01-15,1119076,13889.0
2023-03-09,1123065,18997.0
2023-11-10,1109069,13577.0
2023-04-05,1124055,11817.0
2023-04-15,1105061,18555.0
2023-11-17,1117067,15281.0
2023-02-15,1114063,2258.0
2023-05-06,1125066,41656.0
2023-11-02,1101067,10979.0
2023-11-11,1110063,27531.0
2023-04-09,1115062,3185.0
2023-02-21,1107062,26177.0
2023-06-02,1109074,17028.0
2023-07-16,1104066,13847.0
2023-12-03,1108064,3617.0
2023-09-22,1123059,40737.0
2023-05-28,1120063,5177.0
2023-04-13,1115053,23457.0
2023-10-20,1113075,95602.0
2023-08-30,1109062,7771.0
2023-11-21,1124065,10404.0
2023-09-08,1121079,11137.0
2023-06-26,1104057,14215.0
2023-09-16,1104070,32257.0
2023-04-08,1103058,9848.0
2023-06-12,1108078,6986.0
2023-06-20,1120071,31794.0
2023-10-09,1125070,7250.0
2023-05-23,1102069,31289.0
2023-03-15,1107069,27021.0
2023-12-13,1124069,46212.0
2023-11-28,1117069,31266.0
2023-01-12,1102060,65703.0
2023-10-14,1102059,42489.0
2023-12-09,1120056,5328.0
2023-07-23,1104052,8853.0
2023-08-22,1106071,8039.0
2023-05-26,1109060,63082.0
2023-12-21,1105054,10180.0
2023-07-05,1124078,23184.0
2023-09-01,1115052,32341.0
2023-12-19,1123072,22447.0
2023-03-30,1121065,2678.0
2023-07-25,1122068,10840.0
2023-08-03,1102067,4046.0
2023-05-17,1124060,23663.0
2023-12-03,1108083,11806.0
2023-10-27,1124063,29848.0
2023-09-09,1106086,9246.0
2023-12-11,1112058,33138.0
2023-08-15,1122066,29208.0
2023-05-12,1123058,74407.0
2023-05-16,1105056,6380.0
2023-10-29,1116074,18630.0
2023-08-08,1109060,56193.0
2023-05-22,1111053,13977.0
2023-12-12,1124062,2601.0
2023-01-31,1123078,21802.0
2023-08-11,1117069,25474.0
2023-05-09,1105063,22584.0
2023-06-22,1116052,17533.0
2023-04-03,1119065,6854.0
2023-03-29,1115066,31433.0
2023-01-28,1112057,7156.0
2023-12-29,1115051,65367.0
2023-05-19,1107065,18659.0
2023-03-01,1117067,9106.0
2023-01-09,1106072,28389.0
2023-10-19,1101072,7967.0
2023-10-27,1108058,16002.0
2023-05-05,1124069,16145.0
2023-02-05,1106072,15645.0
2023-05-23,1103057,6487.0
2023-04-25,1110059,49410.0
2023-08-28,1102072,2568.0
2023-02-20,1118058,6708.0
2023-09-13,1108062,13938.0
2023-03-22,1112057,10902.0
2023-09-10,1120071,15358.0
2023-11-01,1124060,23016.0
2023-05-02,1115065,3541.0
2023-08-18,1124065,10535.0
2023-10-18,11250550,11093.0
2023-10-25,1116067,28335.0
2023-04-03,1111053,14237.0
2023-06-21,1111056,28360.0
2023-12-02,1117069,16678.0
2023-03-16,1103069,8281.0
2023-07-06,1125051,13173.0
2023-05-03,1109069,14254.0
2023-01-02,1103070,5071.0
2023-09-23,1103074,38711.0
2023-04-25,1114075,7981.0
2023-01-17,1124063,28189.0
2023-06-26,1125073,10759.0
2023-12-02,1105058,2860.0
2023-04-16,1115051,34224.0
2023-11-27,1123073,3630.0
2023-03-19,1106091,4188.0
2023-01-16,1102070,3739.0
2023-02-10,1124052,7521.0
2023-11-01,1104066,29817.0
2023-03-29,1117071,29612.0
2023-03-01,1121063,49407.0
2023-08-15,1103069,5592.0
2023-04-20,1107054,11966.0
2023-12-07,1116066,2142.0
2023-08-15,1121066,9586.0
2023-08-17,1116072,9130.0
2023-07-18,1114060,43873.0
2023-08-22,1122066,82902.0
2023-09-13,1122059,13190.0
2023-09-14,1122051,66849.0
2023-10-10,1114071,6861.0
2023-10-24,1104056,44756.0
2023-08-21,1120068,46657.0
2023-11-12,1114077,23925.0
2023-09-08,1118055,12269.0
2023-02-22,1105054,9207.0
2023-06-09,1121071,6383.0
2023-05-07,1122054,7603.0
2023-03-30,1107052,7275.0
2023-08-03,1123063,85857.0
2023-10-27,1122065,11244.0
2023-06-13,1123080,18195.0
2023-01-28,1102059,33581.0
2023-10-27,1101067,10905.0
2023-05-19,1124061,20826.0
2023-02-16,1114066,190696.0
2023-10-28,1109072,37464.0
2023-11-04,1124077,114460.0
2023-04-02,1105061,22054.0
2023-01-17,1107070,11253.0
2023-09-12,1115066,30958.0
2023-05-09,1106072,37397.0
2023-10-13,1103063,6827.0
2023-06-09,1108062,14064.0
2023-09-08,1125053,18257.0
2023-12-31,1110063,21649.0
2023-03-18,1112051,25637.0
2023-06-19,1106087,19980.0
2023-11-18,1103073,90931.0
2023-08-30,1107069,26950.0
2023-06-13,1116058,4659.0
2023-02-20,1111059,24762.0
2023-05-27,1108078,4044.0
2023-10-25,1110054,6700.0
2023-11-16,1101055,11511.0
2023-08-06,1124062,1108.0
2023-05-19,1125066,65889.0
2023-06-01,1113070,15479.0
2023-12-26,1116051,13862.0
2023-08-10,1119056,48216.0
2023-05-27,1120073,36798.0
2023-04-24,1119055,37308.0
2023-04-23,1116057,2858.0
2023-01-10,1125059,3603.0
2023-06-28,1113065,6028.0
2023-01-19,1124051,4018.0
2023-04-22,1119072,35029.0
2023-04-09,1123066,10377.0
2023-08-05,1121066,11463.0
2023-12-03,1125061,8499.0
2023-01-30,1123051,12559.0
2023-10-11,1105057,18250.0
2023-11-12,1110063,20012.0
2023-02-14,1120052,13828.0
2023-01-31,1125065,17454.0
2023-01-28,1101061,129967.0
2023-12-15,1112065,29507.0
2023-08-12,1117051,53908.0
2023-01-20,1112071,43517.0
2023-01-06,1117067,15113.0
2023-05-11,1120070,17303.0
2023-12-07,1113069,14582.0
2023-02-17,1117068,25676.0
2023-03-05,1112066,10286.0
2023-02-03,1116074,36729.0
2023-02-24,1119068,20465.0
2023-07-25,1121073,26240.0
2023-05-27,1114063,1506.0
2023-10-10,1103070,6000.0
2023-05-12,1115051,67966.0
2023-01-16,1101060,2033.0
2023-03-20,1125055,4053.0
2023-11-06,1107071,31841.0
2023-05-03,1118053,10180.0
2023-05-17,1107060,41554.0
2023-10-29,1112059,10409.0
2023-05-13,1101055,8375.0
2023-09-13,1124052,8180.0
2023-03-29,1114070,5289.0
2023-08-16,1122058,11715.0
2023-06-21,1108066,40679.0
2023-06-22,1115060,6395.0
2023-01-02,1116074,32864.0
2023-07-13,1106080,12701.0
2023-05-22,1115070,13419.0
2023-01-26,1112055,42186.0
2023-04-02,1117067,9000.0
2023-05-21,1121080,54902.0
2023-07-26,1108077,16960.0
2023-10-04,1115070,13216.0
2023-08-31,1124056,6877.0
2023-08-28,1122054,12690.0
2023-05-20,1103065,21494.0
2023-03-30,1117052,4164.0
2023-07-07,1102071,26011.0
2023-08-31,1117055,7612.0
2023-01-04,1124077,110634.0
2023-12-28,1102054,147427.0
2023-08-01,1111073,3753.0
2023-09-03,1108062,7480.0
2023-06-22,1123052,81430.0
2023-06-20,1112074,15657.0
2023-11-23,1113072,11617.0
2023-10-15,1114070,3959.0
2023-07-29,1115054,7120.0
2023-02-27,1120071,24821.0
2023-03-20,1108081,15336.0
2023-10-06,1101068,125.0
2023-07-15,1125056,3863.0
2023-04-25,1113066,7850.0
2023-09-19,1101067,10791.0
2023-03-20,1115059,3946.0
2023-01-28,1120069,4591.0
2023-04-25,1115052,31018.0
2023-08-01,1104059,10165.0
2023-09-27,1121080,96022.0
2023-08-04,1118055,11506.0
2023-04-12,1125066,62972.0
2023-06-16,1109064,10930.0
2023-05-29,1110053,5126.0
2023-08-26,1105053,56792.0
2023-04-13,1104072,5526.0
2023-02-09,1116061,15463.0
2023-07-25,1123072,20723.0
2023-10-14,1123079,66638.0
2023-08-23,1112055,40265.0
2023-09-25,1123067,32421.0
2023-12-22,1120072,68123.0
2023-09-11,1119054,163115.0
2023-04-24,1122052,112439.0
2023-05-23,1104055,26969.0
2023-03-27,1123075,43903.0
2023-12-24,1109073,5199.0
2023-11-05,1120066,6482.0
2023-08-13,1102069,15928.0
2023-12-29,1111058,11604.0
2023-09-04,1119067,4371.0
2023-07-10,1111076,12105.0
2023-03-04,1108068,9345.0
2023-01-08,1109062,4389.0
2023-10-23,1114061,4113.0
2023-05-11,1111059,28948.0
2023-10-05,1117065,4288.0
2023-03-20,1109071,34494.0
2023-09-16,1109071,28260.0
2023-01-31,1116051,14732.0
2023-05-03,1121064,88484.0
2023-01-29,1122055,7087.0
2023-12-20,1118060,8170.0
2023-10-12,1125055,4182.0
2023-02-17,1122063,10415.0
2023-06-11,1116063,5113.0
2023-12-10,1109074,11375.0
2023-05-27,1124062,1344.0
2023-11-16,1112056,17894.0
2023-06-08,1111060,8859.0
2023-01-28,1115058,4939.0
2023-04-14,1121064,89250.0
2023-09-25,1117056,26797.0
2023-09-09,1102072,2121.0
2023-04-02,1109070,17118.0
2023-08-05,1104062,10623.0
2023-04-13,1104067,6439.0
2023-09-22,1104058,5674.0
2023-11-08,1124065,10568.0
2023-08-06,1120073,27344.0
2023-08-26,1115058,5434.0
2023-01-28,1115057,3362.0
2023-02-09,1115063,6248.0
2023-06-08,1120071,31761.0
2023-09-29,1106072,11606.0
2023-02-28,1120067,4335.0
2023-12-07,1122065,11007.0
2023-10-31,1103064,3124.0
2023-08-12,1114066,188794.0
2023-02-07,1117071,27985.0
2023-11-19,1106072,22489.0
2023-06-02,1124053,15267.0
2023-04-09,1122064,12215.0
2023-07-30,1116067,12890.0
2023-04-22,1125061,10884.0
2023-09-17,1113069,7410.0
2023-07-14,1112056,18568.0
2023-10-07,1125054,11212.0
2023-01-03,1121058,14983.0
2023-04-16,1117056,14443.0
2023-12-06,1116073,82190.0
2023-08-19,1101055,6502.0
2023-10-22,1123079,48007.0
2023-09-12,1122061,8155.0
2023-04-16,1125056,2876.0
2023-11-02,1114066,196864.0
2023-06-26,1121063,70596.0
2023-03-15,1110052,9906.0
2023-01-18,1106090,10210.0
2023-07-03,1105055,4730.0
2023-03-03,1122067,29625.0
2023-10-23,1124079,28146.0
2023-06-11,1117056,14155.0
2023-09-16,1102072,2218.0
2023-09-16,1123064,95580.0
2023-02-07,1101060,1960.0
2023-09-28,1110065,11802.0
2023-12-20,1121080,93852.0
2023-01-13,1113068,19562.0
2023-07-21,1108077,17409.0
2023-08-16,1107059,7238.0
2023-09-11,1106081,78552.0
2023-05-25,1121069,23183.0
2023-08-20,1101069,2565.0
2023-12-21,1111053,12680.0
2023-12-15,1105061,23431.0
2023-04-06,1108063,11483.0
2023-09-07,1119072,41638.0
2023-05-18,1112052,21271.0
2023-02-10,1121073,24297.0
2023-07-24,1109072,41429.0
2023-10-27,1125054,17477.0
2023-04-20,1124056,6811.0
2023-02-27,1120069,6357.0
2023-07-08,1101068,167.0
2023-12-28,1109060,58990.0
2023-03-31,1124057,12022.0
2023-08-07,1105067,14775.0
2023-12-15,1109064,10638.0
2023-09-07,1124054,3412.0
2023-05-23,1113065,6171.0
2023-01-20,1118058,6877.0
2023-10-25,1117072,34889.0
2023-04-13,1104069,3391.0
2023-05-07,1123080,7963.0
2023-04-28,1106080,13960.0
2023-07-09,1106084,4638.0
2023-10-03,1102067,2588.0
2023-08-09,1124060,22617.0
2023-03-04,1111060,7183.0
2023-02-22,1102065,6176.0
2023-11-14,1103051,5947.0
2023-12-19,1101068,107.0
2023-05-23,1105058,3833.0
2023-07-23,1120073,26041.0
2023-04-10,1102071,24796.0
2023-06-26,1117072,33413.0
2023-05-20,1121078,12030.0
2023-03-19,1119072,31732.0
2023-03-27,1118058,7239.0
2023-09-19,1123064,158052.0
2023-07-24,1111065,20370.0
2023-09-29,1125058,6729.0
2023-12-25,1106086,7169.0
2023-12-12,1124054,3234.0
2023-01-09,1115070,12360.0
2023-12-07,1108077,17709.0
2023-05-22,1110056,4744.0
2023-12-09,1113071,4417.0
2023-12-07,1119076,38056.0
2023-03-21,1115072,32127.0
2023-08-25,1107072,29105.0
2023-11-23,1102068,5304.0
2023-11-22,1119063,21459.0
2023-09-04,1103052,16575.0
2023-08-06,1117067,7505.0
2023-05-01,1119066,3101.0
2023-05-13,1122066,52233.0
2023-04-06,1111078,27398.0
2023-04-19,1113071,6522.0
2023-11-13,1119061,14213.0
2023-12-20,1115070,14281.0
2023-02-25,1111065,17944.0
2023-12-02,1110052,7659.0
2023-01-27,1119065,6761.0
2023-11-07,1121058,17641.0
2023-12-09,1104072,3764.0
2023-01-07,1106084,6243.0
2023-04-30,1101057,1471.0
2023-09-22,1123052,84304.0
2023-11-20,1125063,4634.0
2023-04-05,1111060,9000.0
2023-06-16,1111060,9327.0
2023-02-02,1119065,6631.0
2023-06-26,1116071,38504.0
2023-08-06,1125058,9124.0
2023-10-08,1112066,11018.0
2023-08-26,1106073,9193.0
2023-02-25,1125058,14782.0
2023-10-25,1113065,6041.0
2023-07-30,1119067,2397.0
2023-08-13,1108068,6889.0
2023-11-20,1116051,13968.0
2023-11-19,1114061,2376.0
2023-06-20,1117052,4242.0
2023-07-09,1114077,19405.0
2023-07-10,1125070,12169.0
2023-06-07,1111052,14763.0
2023-03-31,1115063,6717.0
2023-06-03,1104054,9053.0
2023-03-26,1123077,39378.0
2023-06-04,1115072,15465.0
2023-08-06,1124077,72173.0
2023-05-16,1120063,9335.0
2023-01-03,1121080,85937.0
2023-05-21,1125074,11269.0
2023-01-06,1113066,7380.0
2023-08-10,1112057,8531.0
2023-04-23,1104067,3540.0
2023-11-28,1109061,9546.0
2023-05-20,1119075,4237.0
2023-05-29,1115070,7146.0
2023-09-16,1111069,20082.0
2023-10-28,1106082,27368.0
2023-10-05,1121082,10418.0
2023-09-25,1121057,17462.0
2023-03-29,1115065,3430.0
2023-06-19,1112067,20086.0
2023-08-05,1105053,51441.0
2023-05-29,1114061,2537.0
2023-06-21,1123078,22386.0
2023-06-12,1123064,151373.0
2023-08-16,1104070,47066.0
2023-12-12,1119073,27137.0
2023-10-03,1107073,11324.0
2023-12-04,1120052,13999.0
2023-06-19,1124057,11327.0
2023-05-09,1103072,9687.0
2023-05-12,1125063,4955.0
2023-02-17,1109069,13227.0
2023-10-22,1119062,9402.0
2023-01-30,1120065,6051.0
2023-10-16,1123080,18896.0
2023-04-01,1105059,51198.0
2023-12-03,1116061,8685.0
2023-10-09,1109062,4971.0
2023-08-08,1101073,16483.0
2023-12-21,1122068,10092.0
2023-06-24,1102070,3196.0
2023-05-01,1108064,11911.0
2023-03-28,1106082,34698.0
2023-05-21,1108068,7817.0
2023-02-20,1123071,7169.0
2023-06-29,1105065,7284.0
2023-09-15,1116064,55356.0
2023-03-30,1111051,15236.0
2023-04-16,1115069,2865.0
2023-03-29,1122067,29197.0
2023-06-28,1117065,4533.0
2023-07-29,1115065,2443.0
2023-05-30,1103058,16426.0
2023-11-21,1124059,22158.0
2023-11-01,1105059,55636.0
2023-11-09,1109073,7730.0
2023-06-10,1114074,31599.0
2023-10-16,1121052,11693.0
2023-08-25,1109071,36383.0
2023-12-22,1103051,6038.0
2023-03-02,1110060,7896.0
2023-02-24,1110056,4640.0
2023-11-08,1107052,7232.0
2023-10-18,1106088,16233.0
2023-05-24,1116063,8691.0
2023-01-25,1123077,62008.0
2023-03-20,1108077,17044.0
2023-09-23,1120065,5145.0
2023-04-18,1111069,26078.0
2023-04-05,1116055,9207.0
2023-05-11,1118051,96925.0
2023-04-24,1123068,4723.0
2023-02-13,1110059,46659.0
2023-11-07,1121052,11949.0
2023-04-14,1112051,36786.0
2023-02-08,1120053,52717.0
2023-01-04,1123071,6915.0
2023-06-30,1124075,26687.0
2023-03-07,1107055,5160.0
2023-07-23,1124052,3670.0
2023-11-03,1123052,80972.0
2023-05-13,1114069,6790.0
2023-08-22,1124055,11620.0
2023-01-24,1113052,6161.0
2023-03-05,1107069,12321.0
2023-05-23,1114063,2489.0
2023-09-30,1117068,9037.0
2023-03-23,1106082,34675.0
2023-05-30,1124068,5089.0
2023-02-20,1116069,17654.0
2023-04-04,1125070,12918.0
2023-07-26,1113064,10221.0
2023-12-02,1107055,3674.0
2023-10-01,1123065,6687.0
2023-09-06,1124051,4086.0
2023-11-19,1121063,50030.0
2023-12-16,1103069,6714.0
2023-07-28,1121058,16944.0
2023-07-31,1114061,3597.0
2023-10-28,1112074,12189.0
2023-09-12,1124060,23739.0
2023-10-30,1105063,20366.0
2023-11-19,1125059,1942.0
2023-07-10,1109072,42296.0
2023-01-17,1124055,11215.0
2023-02-24,1124078,17451.0
2023-07-28,1108078,6460.0
2023-04-24,1124054,3154.0
2023-05-01,1125053,12067.0
2023-06-14,1120066,13903.0
2023-01-19,1110063,34124.0
2023-04-18,1119062,20642.0
2023-06-28,1121058,17524.0
2023-01-03,1102071,22435.0
2023-01-01,1110060,3840.0
2023-03-04,1104054,8714.0
2023-09-30,1104057,5641.0
2023-12-27,1106083,56605.0
2023-08-17,1125072,3449.0
2023-10-04,1101055,12409.0
2023-02-19,1104055,7529.0
2023-04-30,1122054,8637.0
2023-11-14,1124051,3801.0
2023-01-27,1115059,3288.0
2023-03-05,1114060,24068.0
2023-06-06,1103070,3981.0
2023-11-24,1115051,65890.0
2023-06-20,1125052,28652.0
2023-10-07,1111076,10783.0
2023-08-17,1123080,18694.0
2023-04-08,1106071,5315.0
2023-02-14,1120065,6193.0
2023-04-26,1117061,
2023-04-15,1111052,8842.0
2023-03-30,1124082,15789.0
2023-08-01,1101058,10360.0
2023-05-13,1122068,9448.0
2023-10-01,1116051,6675.0
2023-11-24,1115057,4761.0
2023-05-13,1105065,5882.0
2023-05-09,1114069,5979.0
2023-02-24,1117054,104368.0
2023-01-17,1109072,42806.0
2023-04-29,1109075,7143.0
2023-06-12,1124051,3693.0
2023-11-01,1125063,4555.0
2023-02-02,1118059,3906.0
2023-01-09,1116072,8282.0
2023-05-12,1119076,39405.0
2023-04-26,1121078,
2023-08-30,1119072,41625.0
2023-04-12,1124055,12494.0
2023-11-19,1106087,10218.0
2023-06-16,1122060,112810.0
2023-09-10,1108060,12294.0
2023-11-16,1123051,12685.0
2023-03-28,1110056,4746.0
2023-07-22,1115072,20720.0
2023-09-26,1115052,31224.0
2023-06-05,1122053,68107.0
2023-10-29,1125074,11379.0
2023-12-18,1122065,10372.0
2023-03-02,1109070,28884.0
2023-09-12,1119065,6726.0
2023-01-19,1123052,79836.0
2023-04-05,1111066,51520.0
2023-08-30,1114061,4175.0
2023-05-29,1124055,6733.0
2023-10-02,1124062,1209.0
2023-08-10,1109060,47390.0
2023-04-09,1124071,11017.0
2023-04-02,1118061,7473.0
2023-05-05,1124052,3469.0
2023-03-07,1121057,16817.0
2023-12-15,1117070,7251.0
2023-09-19,1113073,57379.0
2023-04-07,1113074,8291.0
2023-07-22,1112060,4753.0
2023-07-04,1117072,34551.0
2023-05-02,1121078,15116.0
2023-03-01,1117056,15629.0
2023-12-18,1108078,6401.0
2023-10-24,1115053,23029.0
2023-10-28,1115051,50092.0
2023-06-17,1121066,12732.0
2023-05-02,1108064,14326.0
2023-03-11,1106071,4800.0
2023-07-07,1107059,7627.0
2023-07-26,1120063,9368.0
2023-11-14,1124075,27075.0
2023-12-07,1107055,5140.0
2023-07-05,1104059,11830.0
2023-06-05,1120073,55113.0
2023-11-12,1102067,2504.0
2023-10-06,1104066,31818.0
2023-09-27,1103053,44989.0
2023-03-02,1123051,13279.0
2023-02-14,1120053,53943.0
2023-12-14,1110055,17049.0
2023-07-29,1119075,4004.0
2023-12-13,1108064,11677.0
2023-04-21,1125074,19677.0
2023-10-13,1122060,114476.0
2023-07-22,1112058,28177.0
2023-12-07,11170730,23353.0
2023-08-09,1106089,12483.0
2023-04-02,1111053,8016.0
2023-09-18,1119073,26260.0
2023-05-12,1119072,43752.0
2023-04-22,1102065,5230.0
2023-03-24,1109074,17381.0
2023-02-28,1118052,28792.0
2023-06-09,1109061,10092.0
2023-10-23,1103063,6123.0
2023-04-07,1121071,6595.0
2023-06-26,1113066,7288.0
2023-05-30,1102057,39894.0
2023-07-10,1119074,49071.0
2023-10-10,1124061,19521.0
2023-07-25,1105055,4802.0
2023-09-11,1115072,31638.0
2023-12-14,1102054,149581.0
2023-05-30,1113062,45282.0
2023-10-13,1123079,103262.0
2023-06-10,1107062,19497.0
2023-03-27,1116057,5101.0
2023-08-10,1110061,4375.0
2023-04-23,1112060,3548.0
2023-02-01,1114068,6758.0
2023-08-11,1104073,16899.0
2023-06-19,1116059,5494.0
2023-09-01,1107068,5291.0
2023-01-13,1125051,12461.0
2023-04-02,1115071,9737.0
2023-01-10,1112067,19324.0
2023-08-18,1103066,4442.0
2023-02-25,1124059,17808.0
2023-12-13,1112072,11797.0
2023-07-28,1108058,13678.0
2023-10-17,1121054,4326.0
2023-01-11,1119070,5980.0
2023-08-13,1105059,26375.0
2023-02-23,1118053,9852.0
2023-08-13,1116052,6773.0
2023-09-05,1113076,32558.0
2023-04-05,1114078,32508.0
2023-06-10,1125073,8908.0
2023-01-16,1107057,5760.0
2023-09-03,1123058,27852.0
2023-03-26,1103070,3819.0
2023-06-12,1115064,6437.0
2023-08-09,1108082,57404.0
2023-05-17,1106073,13399.0
2023-05-25,1125067,5183.0
2023-08-24,1102067,4259.0
2023-04-26,1101061,
2023-01-31,1106071,6358.0
2023-09-28,1114074,17221.0
2023-06-01,1125073,11204.0
2023-12-20,1113074,8224.0
2023-04-06,1109063,15400.0
2023-10-04,1119069,19008.0
2023-03-09,1110054,6570.0
2023-07-30,1103052,14086.0
2023-04-20,1123053,67348.0
2023-12-02,1117072,26092.0
2023-05-25,1121079,10740.0
2023-01-20,1124058,13320.0
2023-01-31,1108071,11571.0
2023-02-21,1123063,88753.0
2023-06-30,1112071,49341.0
2023-10-27,1108076,9644.0
2023-01-10,1117062,9769.0
2023-07-26,1113069,14067.0
2023-01-27,1113076,30849.0
2023-05-24,1110055,17292.0
2023-03-25,1103066,4098.0
2023-08-12,1104056,34588.0
2023-11-06,1101055,11631.0
2023-10-16,1121071,6077.0
2023-09-17,1110059,26600.0
2023-07-18,1106083,49576.0
2023-04-17,1115059,4003.0
2023-10-05,1108065,22242.0
2023-03-17,1124063,29738.0
2023-07-04,1108062,12526.0
2023-09-21,1125058,22789.0
2023-07-01,1124060,15296.0
2023-04-07,1123073,3921.0
2023-11-07,11170730,23359.0
2023-07-09,1102073,4246.0
2023-08-30,1120056,7504.0
2023-10-26,1116059,5505.0
2023-08-29,1123058,65192.0
2023-07-29,1123079,64447.0
2023-09-28,1124077,62363.0
2023-06-03,1120068,34480.0
2023-11-17,1101067,10700.0
2023-02-22,1101054,4583.0
2023-09-29,1124071,6104.0
2023-05-14,1107068,2783.0
2023-10-26,1111059,27658.0
2023-11-21,1108063,11429.0
2023-12-24,1112074,10285.0
2023-02-19,1122058,6211.0
2023-10-19,1102054,149266.0
2023-10-27,1111053,14031.0
2023-12-09,1116054,25927.0
2023-07-16,1111051,6463.0
2023-08-19,1110057,7418.0
2023-07-23,1109071,18228.0
2023-10-05,1123065,19041.0
2023-11-11,11170730,14427.0
2023-10-18,1123059,40644.0
2023-12-10,1120071,13980.0
2023-10-02,1111066,36612.0
2023-10-08,1107054,7419.0
2023-10-05,1104062,17209.0
2023-10-27,1120063,9469.0
2023-09-07,1120066,14384.0
2023-09-17,1121072,17247.0
2023-12-06,1106073,12720.0
2023-07-04,1104062,16344.0
2023-04-16,1119068,11177.0
2023-12-21,1110051,8253.0
2023-02-10,1125051,12774.0
2023-11-25,1104065,11333.0
2023-03-07,1121066,15224.0
2023-04-22,1125059,2548.0
2023-02-11,1122063,7945.0
2023-06-12,1122064,32417.0
2023-10-13,1104062,17735.0
2023-08-18,1124053,14402.0
2023-05-12,1125055,3993.0
2023-11-12,1124052,3339.0
2023-10-03,1115060,3213.0
2023-03-13,1112056,18828.0
2023-09-23,1121072,21918.0
2023-07-04,1124055,11818.0
2023-05-04,1119065,7048.0
2023-08-05,1121058,12845.0
2023-01-01,1119055,9695.0
2023-09-30,1122057,8295.0
2023-03-16,1115066,31298.0
2023-06-08,1122068,11576.0
2023-07-10,1108081,14591.0
2023-01-21,1103052,9854.0
2023-08-28,1124071,18931.0
2023-08-10,1105063,16350.0
2023-07-12,1124057,11926.0
2023-04-29,1124071,14463.0
2023-01-22,1112059,6507.0
2023-08-07,1108083,17565.0
2023-04-29,1116057,3716.0
2023-04-14,1117067,16255.0
2023-03-06,1106080,12814.0
2023-04-27,1101063,76949.0
2023-10-07,1120068,40046.0
2023-04-03,1109075,9486.0
2023-08-22,1108078,6610.0
2023-08-26,1112073,9374.0
2023-09-02,1111060,7764.0
2023-11-26,1102072,1553.0
2023-04-20,1116054,37628.0
2023-05-17,1107059,7570.0
2023-07-25,1117051,72979.0
2023-08-08,1122055,14938.0
2023-10-27,1118060,8213.0
2023-11-25,1113052,14600.0
2023-09-02,1125073,9255.0
2023-11-27,1112065,28625.0
2023-07-07,1124056,7116.0
2023-08-31,1113076,31910.0
2023-04-30,1105064,4321.0
2023-04-30,1119055,16045.0
2023-12-20,1107052,7676.0
2023-04-18,1122067,27513.0
2023-06-20,1122066,84688.0
2023-06-07,1120070,17544.0
2023-01-28,1111060,7078.0
2023-12-25,1107052,4427.0
2023-05-16,1114061,4148.0
2023-09-26,1112074,15528.0
2023-12-06,1116052,17778.0
2023-09-27,1124069,42317.0
2023-01-06,1111077,12889.0
2023-12-26,1121081,11091.0
2023-07-31,1118059,3672.0
2023-09-11,1123051,13429.0
2023-12-07,1112068,11087.0
2023-03-06,1112073,12795.0
2023-11-28,1121058,17465.0
2023-01-28,1121065,1985.0
2023-02-16,1121081,10962.0
2023-07-08,1109074,15264.0
2023-09-14,1114076,30054.0
2023-12-22,1104055,18455.0
2023-07-09,1109062,4107.0
2023-05-30,1119061,13986.0
2023-10-20,1106081,81645.0
2023-11-15,1121072,29348.0
2023-06-17,1103053,34747.0
2023-07-01,1101069,3437.0
2023-05-25,1106084,11089.0
2023-05-25,1118051,96106.0
2023-04-03,1122054,12840.0
2023-02-19,1110064,7221.0
2023-11-06,1101058,10846.0
2023-11-23,1108063,11477.0
2023-10-11,1120068,49711.0
2023-08-13,1110064,7429.0
2023-02-24,1108058,14248.0
2023-05-08,1116065,2257.0
2023-05-17,1108060,28636.0
2023-08-26,1110054,4741.0
2023-03-15,1122064,34555.0
2023-04-20,1122054,13237.0
2023-11-12,1103071,4586.0
2023-03-06,1102057,37943.0
2023-11-05,1119063,11901.0
2023-03-29,1118057,27713.0
2023-01-19,1124078,17241.0
2023-12-03,1123052,33194.0
2023-11-24,1101060,2440.0
2023-07-10,1116052,17719.0
2023-07-21,1106082,31547.0
2023-05-21,1113068,13106.0
2023-01-08,1103071,3966.0
2023-02-14,1109060,58519.0
2023-09-09,1122064,18793.0
2023-06-03,1107065,11787.0
2023-08-07,1119075,5339.0
2023-01-29,1114060,21134.0
2023-04-08,1107057,4711.0
2023-05-07,1121072,16090.0
2023-04-07,1117068,27723.0
2023-12-09,1114070,4163.0
2023-04-21,1108058,16110.0
2023-07-29,1101057,1514.0
2023-04-23,1124052,3458.0
2023-04-18,1125061,14072.0
2023-07-22,1112068,5861.0
2023-08-30,1117067,15384.0
2023-08-09,1123080,17505.0
2023-11-07,1108064,13740.0
2023-01-26,1115062,5691.0
2023-02-18,1105063,14798.0
2023-10-16,1104056,44850.0
2023-01-08,1114059,8204.0
2023-07-16,1122059,10590.0
2023-03-15,1116070,21632.0
2023-07-23,1107060,20586.0
2023-04-26,1111060,
2023-11-21,1119072,42619.0
2023-06-13,1111051,14961.0
2023-01-28,1103074,29634.0
2023-05-27,1102059,39873.0
2023-01-17,1124081,29383.0
2023-04-15,1120063,6842.0
2023-12-05,1122066,86627.0
2023-07-19,1108058,15777.0
2023-09-28,1115053,10135.0
2023-10-17,1107064,8008.0
2023-04-04,1106073,13415.0
2023-01-08,1104057,7093.0
2023-10-04,1105055,4674.0
2023-07-27,1111078,24847.0
2023-05-05,1108068,6252.0
2023-02-12,1115070,6460.0
2023-02-16,1109060,58326.0
2023-06-10,1123072,11703.0
2023-04-25,1106089,15474.0
2023-05-14,1104054,6816.0
2023-08-24,1104062,17089.0
2023-07-26,1106086,11903.0
2023-09-08,1120063,9749.0
2023-09-14,1120053,68427.0
2023-03-02,1125058,22039.0
2023-12-08,1117065,4281.0
2023-03-10,1105055,4837.0
2023-03-11,1119070,4710.0
2023-08-24,1124082,15153.0
2023-08-06,1117051,37467.0
2023-04-28,1111065,22847.0
2023-03-11,1125051,8484.0
2023-08-30,1103063,6258.0
2023-07-08,1116058,3674.0
2023-10-10,1116058,4191.0
2023-07-07,1115059,4213.0
2023-10-05,1116067,28722.0
2023-11-01,1108084,20292.0
2023-11-04,1113070,10356.0
2023-07-08,1124082,10636.0
2023-02-02,1121066,14728.0
2023-04-07,1101058,11695.0
2023-01-04,1105062,37115.0
2023-02-10,1110052,10537.0
2023-08-18,1125061,14904.0
2023-09-02,1122060,109697.0
2023-04-20,1123060,14091.0
2023-05-27,1103051,3984.0
2023-11-05,1104058,2589.0
2023-10-08,1114059,10112.0
2023-11-06,1103053,42766.0
2023-05-30,1103059,3287.0
2023-04-02,1116055,5176.0
2023-05-04,1117062,11035.0
2023-04-06,1119069,19683.0
2023-07-09,1111065,11851.0
2023-12-30,1112057,7557.0
2023-02-10,1103071,7065.0
2023-09-09,1125056,4140.0
2023-01-17,1116058,4537.0
2023-06-17,1115071,12302.0
2023-11-09,1119072,41037.0
2023-03-14,1102058,15858.0
2023-03-17,1114071,7309.0
2023-10-03,1125071,7824.0
2023-12-01,1108064,11187.0
2023-07-13,1101056,8225.0
2023-07-08,1106071,4762.0
2023-02-25,1107068,3689.0
2023-11-14,1107057,6494.0
2023-11-20,1120054,21869.0
2023-03-14,1110056,4635.0
2023-10-18,1113066,7873.0
2023-05-26,1101053,100315.0
2023-02-08,1104056,45196.0
2023-01-22,1101057,730.0
2023-08-22,1107071,29397.0
2023-09-30,1110056,2377.0
2023-08-08,1108085,30881.0
2023-01-27,1107073,20376.0
2023-01-17,1116064,51174.0
2023-11-13,11230511,
2023-02-06,1111064,6880.0
2023-10-08,1104071,4662.0
2023-01-23,1111074,2821.0
2023-03-08,1117052,4352.0
2023-12-12,1101069,5375.0
2023-09-16,1119063,15593.0
2023-04-05,1103057,6416.0
2023-11-13,1116061,15279.0
2023-07-05,1122056,3437.0
2023-08-17,1109060,58030.0
2023-05-14,1122065,6595.0
2023-11-23,1117062,10527.0
2023-06-02,1114076,29317.0
2023-01-28,1114076,18614.0
2023-07-16,1108064,3222.0
2023-07-05,1103072,10291.0
2023-12-10,1125055,1901.0
2023-06-03,1104067,5216.0
2023-03-03,1102067,3962.0
2023-01-18,1104052,19943.0
2023-07-05,1125054,17913.0
2023-12-12,1121078,14965.0
2023-08-01,1104070,43293.0
2023-04-27,1104055,25560.0
2023-03-23,1108066,43868.0
2023-08-23,1111052,12463.0
2023-05-21,1102065,4058.0
2023-05-09,1109061,10390.0
2023-11-17,1116072,9343.0
2023-10-28,1116059,4255.0
2023-08-16,1106083,52549.0
2023-08-25,1118061,13970.0
2023-05-03,1109063,16086.0
2023-12-03,1111053,7343.0
2023-07-26,1116057,5302.0
2023-01-24,1119076,8621.0
2023-06-03,1123077,61152.0
2023-08-21,1119076,36774.0
2023-06-03,1114076,21456.0
2023-04-11,1123077,70464.0
2023-05-09,1110057,9693.0
2023-08-31,1119063,21140.0
2023-12-10,1125074,11037.0
2023-01-13,1121065,2831.0
2023-01-31,1111066,51849.0
2023-12-26,1105064,6581.0
2023-01-08,1119061,5392.0
2023-05-07,1105059,29382.0
2023-06-27,1119076,38339.0
2023-04-15,1103058,9487.0
2023-07-12,1122067,29231.0
2023-01-05,1124061,18633.0
2023-08-04,1103052,16902.0
2023-07-28,1103065,19989.0
2023-04-30,1101053,63090.0
2023-09-21,1117061,15497.0
2023-08-26,1107068,3778.0
2023-10-22,1119075,3317.0
2023-10-06,1125055,4270.0
2023-10-09,1107065,8653.0
2023-04-28,1120056,7794.0
2023-02-07,1112071,45550.0
2023-05-22,1109074,17993.0
2023-11-07,1110057,9432.0
2023-06-29,1113069,13089.0
2023-11-08,1103066,4510.0
2023-01-31,1124081,29019.0
2023-11-23,1123065,19456.0
2023-02-09,1107070,11345.0
2023-10-25,1112067,21137.0
2023-10-17,1108071,12030.0
2023-08-16,1110051,8479.0
2023-02-20,1113052,17636.0
2023-05-12,1106083,59926.0
2023-04-18,1116066,2281.0
2023-11-20,1119076,37357.0
2023-12-08,1104071,8360.0
2023-12-24,1122051,21852.0
2023-05-08,1119069,18966.0
2023-04-27,1123075,44592.0
2023-09-14,1121061,10413.0
2023-01-28,1108061,10413.0
2023-11-16,1121061,9672.0
2023-12-09,1125061,11467.0
2023-07-14,1124081,30508.0
2023-09-06,1105062,38627.0
2023-05-08,1122055,15535.0
2023-03-24,1107061,3969.0
2023-09-30,1124068,1701.0
2023-03-16,1112073,12885.0
2023-03-05,1105053,44853.0
2023-03-07,1107065,14685.0
2023-06-24,1106087,15014.0
2023-01-19,1106072,29038.0
2023-07-10,1121073,27646.0
2023-11-23,1109071,34052.0
2023-09-06,1119071,4956.0
2023-09-13,1115053,23061.0
2023-03-01,1110052,6150.0
2023-02-15,1102065,6033.0
2023-08-18,1106081,77190.0
2023-11-24,1109071,35082.0
2023-04-12,1101061,201334.0
2023-01-10,1109065,21174.0
2023-01-13,1104070,47505.0
2023-08-24,1115070,13194.0
2023-07-24,1102068,4904.0
2023-06-16,1119074,55161.0
2023-10-03,1110056,2874.0
2023-10-31,1111076,13098.0
2023-09-22,1114075,8732.0
2023-08-17,1117071,29015.0
2023-09-14,1104066,30165.0
2023-02-20,1121064,83490.0
2023-10-20,1111073,4123.0
2023-01-29,1117054,42078.0
2023-10-24,1121081,11332.0
2023-04-20,1105058,3806.0
2023-03-20,1120056,7331.0
2023-05-15,1123079,88546.0
2023-10-03,1113070,6838.0
2023-12-12,1112072,11592.0
2023-03-23,1112067,21304.0
2023-08-02,1121081,10558.0
2023-12-14,1107065,14683.0
2023-12-31,1117072,19276.0
2023-03-24,1102067,4041.0
2023-08-30,1125051,13106.0
2023-12-18,1101061,183288.0
2023-10-09,1102054,109106.0
2023-03-02,1104052,20078.0
2023-11-10,1102068,5622.0
2023-05-05,1101073,12670.0
2023-02-06,1122060,90825.0
2023-01-05,1107062,25163.0
2023-05-17,1115064,6567.0
2023-11-20,1124078,19051.0
2023-01-19,1112057,10385.0
2023-07-15,1115063,4837.0
2023-12-29,1107052,7221.0
2023-12-03,1105053,45576.0
2023-02-01,1121069,22495.0
2023-08-20,1120056,4096.0
2023-10-20,1104054,13807.0
2023-12-29,1110055,17811.0
2023-03-14,1104052,20596.0
2023-02-12,1120067,2269.0
2023-01-08,1123078,9198.0
2023-12-13,1119076,38740.0
2023-07-27,1109075,9981.0
2023-03-06,1104056,46645.0
2023-07-18,1119065,6877.0
2023-05-02,1120052,14167.0
2023-10-17,1110057,9682.0
2023-04-21,1108064,12069.0
2023-05-12,1122054,14614.0
2023-04-06,1112056,18888.0
2023-05-31,1106073,13794.0
2023-10-05,1124055,12069.0
2023-12-26,1115072,30795.0
2023-09-10,1121064,52212.0
2023-05-29,1124058,8288.0
2023-05-11,1103059,3328.0
2023-12-03,1116074,19183.0
2023-11-13,1122063,9969.0
2023-12-11,1106080,12760.0
2023-05-07,1121057,10025.0
2023-02-14,1118059,3858.0
2023-09-22,1101055,13155.0
2023-04-03,1123074,15299.0
2023-04-16,1102058,9548.0
2023-10-05,1111060,9226.0
2023-04-30,1119062,9320.0
2023-04-10,1111069,26554.0
2023-05-06,1107059,4248.0
2023-11-22,1108061,17243.0
2023-08-06,1114069,4239.0
2023-08-09,1124079,27967.0
2023-03-13,1123074,15421.0
2023-08-07,1113066,7619.0
2023-06-27,1108071,11970.0
2023-08-05,1113075,62823.0
2023-10-28,1116067,20420.0
2023-08-09,1118057,26061.0
2023-10-08,1105067,13331.0
2023-08-19,1123080,11987.0
2023-12-24,1103072,5998.0
2023-09-01,1101055,10079.0
2023-05-01,1123080,11847.0
2023-04-21,1123066,26939.0
2023-12-27,1121065,2790.0
2023-10-07,1125052,18113.0
2023-12-21,1101060,2385.0
2023-01-10,1108084,18684.0
2023-09-20,1122068,11469.0
2023-02-27,1117071,27972.0
2023-09-09,1120065,4968.0
2023-05-27,1114066,180317.0
2023-11-29,1114061,4207.0
2023-11-10,1112059,19302.0
2023-04-12,1123071,7037.0
2023-11-06,1112065,28079.0
2023-02-09,1111074,6757.0
2023-09-27,1124075,25924.0
2023-06-28,1111077,13852.0
2023-02-06,1123063,85573.0
2023-12-19,1114076,28172.0
2023-10-19,1105055,4948.0
2023-06-10,1119075,4054.0
2023-07-29,1125054,9778.0
2023-06-22,1110053,8492.0
2023-09-22,1106086,12304.0
2023-02-26,1112071,28073.0
2023-03-16,1121073,34103.0
2023-09-11,1102067,4136.0
2023-06-04,1123072,8536.0
2023-05-24,1122053,82444.0
2023-10-13,1124058,13948.0
2023-05-06,1106090,6056.0
2023-03-28,1125055,4040.0
2023-04-05,1109061,9400.0
2023-06-22,1117067,16013.0
2023-06-09,1121080,97403.0
2023-03-03,1112073,12679.0
2023-10-29,1103063,5513.0
2023-11-25,1115064,4213.0
2023-04-14,1122055,16810.0
2023-08-17,1117055,7858.0
2023-06-21,1111072,17244.0
2023-10-22,1121083,9796.0
2023-07-26,1121052,12372.0
2023-06-18,1116055,5073.0
2023-02-06,1104066,27411.0
2023-01-30,1102065,5913.0
2023-04-27,1123068,4882.0
2023-07-06,1110059,49415.0
2023-08-20,1118059,1961.0
2023-12-21,1117072,33355.0
2023-02-05,1103051,3709.0
2023-11-02,1123063,87185.0
2023-10-30,1104071,8046.0
2023-08-05,1124054,2379.0
2023-04-14,1109073,7925.0
2023-03-01,1119069,8989.0
2023-10-20,1107065,15524.0
2023-10-27,1123068,5032.0
2023-06-05,1107073,20475.0
2023-08-06,1112059,9479.0
2023-08-01,1116071,38990.0
2023-12-02,1117054,61847.0
2023-01-10,1109062,7236.0
2023-12-10,1114077,23904.0
2023-01-21,1125066,25083.0
2023-01-22,1116061,5193.0
2023-04-17,1121061,10054.0
2023-03-01,1113073,22983.0
2023-03-20,1102070,3921.0
2023-11-07,1121071,6059.0
2023-11-20,1109071,33166.0
2023-02-02,1116065,2312.0
2023-10-26,1107054,11954.0
2023-04-19,1111060,8875.0
2023-04-23,1108077,9851.0
2023-10-19,1110057,9414.0
2023-09-03,1123052,32359.0
2023-01-29,1101067,6400.0
2023-05-19,1109070,30305.0
2023-03-05,1125063,3401.0
2023-01-03,1107071,28269.0
2023-03-23,1116057,5072.0
2023-07-14,1120069,6741.0
2023-05-08,1115070,13467.0
2023-06-23,1111065,22364.0
2023-12-07,1125054,17807.0
2023-07-22,1112067,14393.0
2023-09-25,1112071,48870.0
2023-08-11,1104055,16403.0
2023-08-23,1121058,15782.0
2023-05-10,1105054,10138.0
2023-01-08,1118054,9524.0
2023-10-05,1121078,15209.0
2023-07-23,1112065,13445.0
2023-10-11,1118058,6968.0
2023-05-11,1122055,16020.0
2023-06-13,1111065,22254.0
2023-01-29,1109075,5566.0
2023-08-05,1113076,22874.0
2023-12-04,1119069,19007.0
2023-09-19,1116053,8468.0
2023-05-18,1116058,4506.0
2023-11-09,1111061,6713.0
2023-09-09,1104070,32673.0
2023-03-22,1120068,50521.0
2023-03-08,1120071,32762.0
2023-04-13,1115060,6375.0
2023-06-05,1112071,45032.0
2023-05-14,1122053,46826.0
2023-08-12,1123060,12989.0
2023-11-09,1125066,62175.0
2023-10-28,1123080,13336.0
2023-11-08,1120063,9248.0
2023-11-18,1119054,89957.0
2023-12-14,1115052,31908.0
2023-02-03,1122066,86768.0
2023-06-17,1125053,12715.0
2023-03-24,1124071,19957.0
2023-10-27,1120054,22726.0
2023-02-06,1108068,10213.0
2023-02-17,1106072,30534.0
2023-03-08,1108063,11749.0
2023-03-11,1104062,12096.0
2023-05-15,1113068,25821.0
2023-03-25,1123060,12987.0
2023-04-16,1109064,6207.0
2023-01-01,1104056,23334.0
2023-04-03,1110053,8598.0
2023-10-22,1109071,21883.0
2023-04-03,1112058,35821.0
2023-05-08,1113068,24058.0
2023-12-07,1115051,64017.0
2023-12-20,1121054,4947.0
2023-07-21,1108062,13111.0
2023-04-18,1109075,9861.0
2023-07-17,1116057,5296.0
2023-12-25,1121083,10229.0
2023-09-02,1111061,5861.0
2023-04-26,1123067,
2023-09-06,1123077,72681.0
2023-12-31,1122056,1204.0
2023-11-06,1109075,9448.0
2023-03-02,1124063,29230.0
2023-03-07,1122068,11757.0
2023-03-03,1115058,7610.0
2023-04-11,1125066,59698.0
2023-11-30,1102067,3920.0
2023-12-31,1124065,5156.0
2023-11-14,1110064,10929.0
2023-12-04,1115060,6309.0
2023-05-14,1117062,6030.0
2023-05-09,1124051,3875.0
2023-12-09,1114074,31966.0
2023-08-31,1110056,4787.0
2023-04-09,1101060,1347.0
2023-04-28,1114077,57430.0
2023-07-12,1121078,15915.0
2023-03-15,1110056,4664.0
2023-04-20,1102069,30809.0
2023-11-18,1123063,42162.0
2023-07-16,1120068,23289.0
2023-04-04,1104071,8375.0
2023-09-03,1103059,1956.0
2023-06-02,1122054,14353.0
2023-02-07,1119065,6477.0
2023-12-19,1116072,9126.0
2023-03-22,1113066,7770.0
2023-02-06,1122062,24867.0
2023-04-02,1110053,5493.0
2023-07-22,1105059,35173.0
2023-02-08,1120063,9160.0
2023-09-08,1116054,39338.0
2023-03-03,1108081,15284.0
2023-05-29,1102052,42558.0
2023-02-17,1121064,87711.0
2023-11-26,1102071,13307.0
2023-03-30,1103073,95251.0
2023-05-08,1111060,8593.0
2023-01-14,1116063,6598.0
2023-08-03,1101056,7950.0
2023-07-09,1118051,26322.0
2023-11-25,1118052,17235.0
2023-06-07,1119066,4513.0
2023-11-15,1114068,6959.0
2023-05-09,1102071,25414.0
2023-03-13,1102071,24604.0
2023-05-19,1121080,99886.0
2023-04-16,1101072,5432.0
2023-10-12,1125072,3135.0
2023-12-06,1111065,21654.0
2023-04-16,1107054,6427.0
2023-11-27,1104066,27499.0
2023-04-22,1105066,5604.0
2023-06-30,1117068,28057.0
2023-03-07,1102058,15234.0
2023-10-14,1117055,5718.0
2023-10-01,1119054,80603.0
2023-05-04,1121065,2908.0
2023-06-02,1104057,15446.0
2023-01-30,1119061,13605.0
2023-08-09,1112058,34762.0
2023-02-16,1107059,6786.0
2023-01-10,1111077,12255.0
2023-04-30,1121061,6267.0
2023-02-09,1117062,9919.0
2023-03-09,1121078,15005.0
2023-07-08,1104071,6200.0
2023-06-20,1114077,56486.0
2023-04-25,1101056,9411.0
2023-10-08,1119062,9242.0
2023-11-28,1110064,10673.0
2023-10-04,1114073,32968.0
2023-07-05,1107059,7160.0
2023-04-16,1102055,60726.0
2023-02-22,1111065,21187.0
2023-11-05,1113052,10392.0
2023-10-20,1104071,8676.0
2023-06-29,1125063,4234.0
2023-01-12,1104066,29227.0
2023-09-17,1115061,2354.0
2023-08-12,1113070,8928.0
2023-02-13,1114066,178828.0
2023-02-25,1114063,1889.0
2023-06-07,1109070,29613.0
2023-11-04,1118060,6452.0
2023-08-11,1122054,13711.0
2023-07-10,1111077,13488.0
2023-07-26,1124081,30532.0
2023-07-03,1104058,5306.0
2023-08-31,1107072,28490.0
2023-11-27,1108081,14706.0
2023-05-04,1122063,10931.0
2023-10-20,1116061,16814.0
2023-08-26,1124062,1666.0
2023-07-26,1107061,3808.0
2023-03-01,1115060,3742.0
2023-10-09,1115065,1898.0
2023-02-15,1110053,8003.0
2023-01-29,1122052,47872.0
2023-09-20,1122055,15314.0
2023-01-18,1102070,3861.0
2023-08-23,1110064,10400.0
2023-02-18,1111058,7926.0
2023-09-26,1111056,30733.0
2023-01-26,1122064,30795.0
2023-11-08,1113066,7766.0
2023-07-05,1112057,11210.0
2023-01-19,1115061,4484.0
2023-10-09,1114075,4637.0
2023-10-20,1112055,46794.0
2023-04-22,1125073,8599.0
2023-02-08,1124054,3298.0
2023-10-06,1118057,27512.0
2023-01-28,1115066,18483.0
2023-10-11,1102065,6250.0
2023-07-07,1107068,5385.0
2023-02-19,1124057,6338.0
2023-08-20,1111076,7533.0
2023-08-14,1115061,4119.0
2023-09-23,1124062,1732.0
2023-11-12,1119071,3718.0
2023-01-18,1125053,17268.0
2023-08-01,1120073,50442.0
2023-06-12,1111058,11771.0
2023-07-05,1115070,14186.0
2023-09-12,1109074,17693.0
2023-12-01,1111060,9209.0
2023-08-20,1119062,8395.0
2023-01-12,1106086,11456.0
2023-09-04,1124081,29946.0
2023-04-17,1116052,17017.0
2023-08-28,1125053,16265.0
2023-01-09,1111066,50888.0
2023-12-30,1101067,7433.0
2023-11-17,1120073,58499.0
2023-07-20,1121081,12119.0
2023-09-11,1120071,33072.0
2023-08-28,1113068,21446.0
2023-11-08,1121068,33509.0
2023-07-22,1119074,45013.0
2023-07-30,1120054,10621.0
2023-06-11,1114061,2339.0
2023-12-14,1109073,7469.0
2023-04-02,1124080,16032.0
2023-03-18,1108078,4857.0
2023-04-13,1101055,12930.0
2023-08-15,1103053,24146.0
2023-09-02,1121078,11875.0
2023-10-18,1122060,95670.0
2023-03-24,1125056,5647.0
2023-09-02,1117070,5804.0
2023-09-23,1121061,8339.0
2023-09-09,1118054,13717.0
2023-10-02,1101054,5649.0
2023-01-08,1121072,16093.0
2023-11-17,1112060,7031.0
2023-03-23,1108068,12031.0
2023-05-23,1122063,10662.0
2023-06-18,1111059,14004.0
2023-04-14,1118052,28762.0
2023-07-27,1123063,89608.0
2023-06-07,1113076,31432.0
2023-09-02,1122067,17967.0
2023-03-27,1105064,6695.0
2023-04-04,1120070,17799.0
2023-07-13,1119076,37693.0
2023-07-30,1121078,8303.0
2023-05-08,1102057,36820.0
2023-04-29,1115064,4318.0
2023-04-23,1112072,7241.0
2023-10-17,1115053,23303.0
2023-09-26,1125058,22747.0
2023-05-24,1115054,9877.0
2023-10-02,1108061,8984.0
2023-02-22,1112056,17924.0
2023-06-30,1110061,5933.0
2023-01-23,1101053,43543.0
2023-07-07,1117070,7608.0
2023-03-30,1116067,28482.0
2023-07-02,1117067,8374.0
2023-10-06,1124061,19969.0
2023-11-16,1116061,15230.0
2023-11-18,1120069,5096.0
2023-07-24,1115065,3497.0
2023-03-12,1101064,31479.0
2023-09-13,1117068,28029.0
2023-03-25,1108068,9756.0
2023-09-10,1121069,14714.0
2023-02-16,1115066,28241.0
2023-02-22,1121065,2689.0
2023-07-09,1116069,10185.0
2023-07-29,1109071,27025.0
2023-12-15,1111052,13840.0
2023-12-28,1115066,30211.0
2023-06-10,1123080,11868.0
2023-07-27,1121082,9791.0
2023-11-07,1107061,3814.0
2023-07-24,1101060,2394.0
2023-04-04,1113069,15157.0
2023-03-11,1122068,8974.0
2023-03-16,1124052,7439.0
2023-03-11,1103073,90483.0
2023-08-15,1121057,10562.0
2023-06-13,1117070,7516.0
2023-12-25,1116057,3242.0
2023-08-28,1111066,51504.0
2023-08-07,1101055,7391.0
2023-12-16,1102054,135113.0
2023-10-28,1108062,10317.0
2023-08-22,1103052,15280.0
2023-04-13,1124054,3395.0
2023-03-22,1115072,32248.0
2023-08-29,1112067,19355.0
2023-01-14,1102058,11829.0
2023-10-05,1123077,72392.0
2023-04-17,1121058,16827.0
2023-10-25,1125067,5092.0
2023-05-10,1106090,10793.0
2023-02-21,1122054,13349.0
2023-04-20,1118061,13114.0
2023-03-26,1114073,20459.0
2023-02-12,1123074,6209.0
2023-01-05,1123073,3624.0
2023-05-29,1117072,21473.0
2023-04-23,1116058,2673.0
2023-05-08,1115072,32213.0
2023-10-26,1110061,5427.0
2023-11-14,1104054,12987.0
2023-03-11,1123063,41549.0
2023-07-17,1103051,6043.0
2023-10-11,1120054,23071.0
2023-03-20,1114068,6368.0
2023-04-13,1114074,64298.0
2023-07-15,1111066,43017.0
2023-08-06,1113073,16487.0
2023-08-28,1106088,16338.0
2023-12-31,1115057,2892.0
2023-06-13,1121057,16725.0
2023-05-11,1125065,18015.0
2023-05-05,1111076,6525.0
2023-04-02,1124054,1921.0
2023-02-06,1102055,94197.0
2023-05-25,1108082,69150.0
2023-04-13,1110051,9281.0
2023-03-19,1108066,21994.0
2023-06-12,1116054,37469.0
2023-02-08,1103058,13551.0
2023-10-24,1115071,14958.0
2023-12-08,1123065,19294.0
2023-10-04,1103065,17054.0
2023-10-09,1125058,11091.0
2023-09-15,1102058,14839.0
2023-10-20,1102059,55872.0
2023-02-01,1113052,18349.0
2023-01-27,1109073,7592.0
2023-08-10,1123077,57292.0
2023-02-11,1123078,15284.0
2023-12-16,1105060,26889.0
2023-06-30,1105062,43690.0
2023-06-05,1110063,32968.0
2023-06-13,1103063,6529.0
2023-11-25,1119072,33086.0
2023-09-30,1106072,12171.0
2023-08-04,1106080,13264.0
2023-06-09,1107061,4136.0
2023-07-27,1103069,8710.0
2023-10-13,1121064,87846.0
2023-01-03,1115052,29420.0
2023-07-19,1116051,15993.0
2023-01-06,1112068,8512.0
2023-12-12,1111061,7103.0
2023-04-08,1113075,76115.0
2023-06-03,1115063,5201.0
2023-10-30,1103071,8989.0
2023-08-30,1122058,11690.0
2023-12-29,1119063,20835.0
2023-01-03,1114070,4897.0
2023-06-01,1107073,22233.0
2023-11-30,1102065,6229.0
2023-07-05,1116072,9508.0
2023-07-26,1108068,11780.0
2023-07-28,1111053,12588.0
2023-01-28,1117072,24549.0
2023-03-23,1125058,22556.0
2023-04-13,1117069,31401.0
2023-08-01,1121079,9422.0
2023-02-24,1124056,6799.0
2023-01-12,1115058,7182.0
2023-10-20,1124058,14421.0
2023-12-27,1122062,25264.0
2023-02-20,1108072,24971.0
2023-03-21,1122057,23255.0
2023-11-17,1112068,10930.0
2023-01-23,1113070,4889.0
2023-04-16,1108078,3632.0
2023-08-26,1122063,7669.0
2023-08-16,1105060,34132.0
2023-12-24,1112056,11928.0
2023-01-30,1104056,42598.0
2023-12-27,1106073,11845.0
2023-06-10,1110054,4648.0
2023-05-16,1121071,6321.0
2023-09-09,1102068,4166.0
2023-08-27,1119075,3251.0
2023-06-16,1119070,5909.0
2023-11-14,1122058,11688.0
2023-12-13,1122066,88103.0
2023-12-20,1110065,25052.0
2023-06-19,1106072,35161.0
2023-05-04,1122057,24442.0
2023-12-31,1121066,10168.0
2023-12-24,1125053,12498.0
2023-03-23,1107055,5102.0
2023-09-02,1120065,4858.0
2023-04-20,1124054,3189.0
2023-12-07,1120052,14714.0
2023-06-17,1115062,4322.0
2023-11-03,1123077,76080.0
2023-02-05,1106083,34871.0
2023-05-14,1124068,2567.0
2023-02-28,1123060,14524.0
2023-10-23,1116067,27442.0
2023-09-02,1101067,9604.0
2023-09-25,1112074,15755.0
2023-07-08,1107070,7780.0
2023-04-28,1123067,34260.0
2023-09-26,1115058,7949.0
2023-07-05,1105061,23960.0
2023-06-23,1125070,13147.0
2023-05-11,1113074,8159.0
2023-04-13,1124058,13126.0
2023-10-24,11250760,0.0
2023-06-12,1105055,4637.0
2023-08-26,1102065,5331.0
2023-07-08,1115064,4748.0
2023-05-12,1125074,20223.0
2023-12-19,1115060,6458.0
2023-07-18,1114076,26947.0
2023-10-19,1108065,20966.0
2023-07-03,1117061,13119.0
2023-01-08,1124077,77078.0
2023-05-31,1105063,21465.0
2023-09-10,1119066,2733.0
2023-05-24,1125066,62464.0
2023-06-25,1114068,5383.0
2023-11-12,1108084,11823.0
2023-09-25,1110059,49686.0
2023-10-27,1124059,33069.0
2023-04-29,1122061,5274.0
2023-07-20,1111064,7378.0
2023-02-13,1124068,4669.0
2023-01-11,1103058,13910.0
2023-01-18,1111078,24815.0
2023-05-30,1103057,6466.0
2023-11-15,1123073,3940.0
2023-01-30,1117054,101838.0
2023-10-19,1115059,4020.0
2023-01-15,1105064,3969.0
2023-04-18,1120063,8853.0
2023-09-28,1125061,6553.0
2023-08-18,1106071,8369.0
2023-04-27,1121083,17024.0
2023-05-27,1108076,6683.0
2023-12-05,1105059,55313.0
2023-12-05,1101069,5701.0
2023-03-24,1121061,10445.0
2023-03-26,1105064,4233.0
2023-10-17,1122067,28376.0
2023-06-19,1122051,62645.0
2023-11-29,1117062,10995.0
2023-05-28,1109072,23904.0
2023-09-27,1103070,6436.0
2023-12-14,1105055,4861.0
2023-07-31,1109060,55136.0
2023-02-17,1110052,10213.0
2023-05-07,1125055,1833.0
2023-10-14,1123076,12174.0
2023-04-24,1123058,63867.0
2023-03-21,1102059,50712.0
2023-06-22,1120063,9573.0
2023-12-29,1121073,23405.0
2023-09-28,1104066,10453.0
2023-08-27,1116071,29150.0
2023-07-01,1123080,11442.0
2023-02-13,1121081,10732.0
2023-12-19,1102071,24998.0
2023-10-25,1123052,78859.0
2023-11-13,1115061,4338.0
2023-05-01,1103064,3344.0
2023-01-16,1120069,6367.0
2023-07-29,1112074,11653.0
2023-11-07,1125055,4100.0
2023-07-28,1115059,3449.0
2023-06-30,1115054,10577.0
2023-04-01,1111069,20515.0
2023-11-04,1102073,6689.0
2023-03-29,1103058,16648.0
2023-06-07,1107055,5208.0
2023-07-04,1106080,13355.0
2023-11-24,1104071,8694.0
2023-08-03,1107059,6599.0
2023-03-22,1124075,26302.0
2023-07-27,1106071,7764.0
2023-11-18,1109063,11292.0
2023-03-29,1125063,4805.0
2023-08-02,1110051,7698.0
2023-02-09,1115065,3589.0
2023-06-07,1115057,4786.0
2023-11-09,1122051,65397.0
2023-12-29,1117072,34178.0
2023-11-21,1106089,16394.0
2023-03-14,1112052,21863.0
2023-02-09,1108059,5709.0
2023-06-06,1118060,5079.0
2023-02-24,1110054,6421.0
2023-05-29,1111060,5644.0
2023-06-26,1124060,22993.0
2023-04-04,1104058,5208.0
2023-05-27,1112065,18516.0
2023-01-09,1113068,18884.0
2023-10-26,1115063,6195.0
2023-06-24,1107055,3954.0
2023-05-03,1124069,45661.0
2023-03-12,1107054,5847.0
2023-07-24,1104059,10612.0
2023-01-24,1121068,12943.0
2023-04-22,1122063,7618.0
2023-01-11,1117070,7012.0
2023-03-17,1124081,31836.0
2023-10-15,1122058,8731.0
2023-01-13,1119071,4902.0
2023-09-15,1121079,10732.0
2023-05-05,1103057,2822.0
2023-11-17,1103074,42308.0
2023-09-02,1118060,6645.0
2023-01-25,1114077,45451.0
2023-06-13,1124064,8077.0
2023-09-12,1112073,13213.0
2023-08-08,1125063,4840.0
2023-02-23,1112065,28573.0
2023-11-07,1124071,19419.0
2023-02-05,1107069,12756.0
2023-12-16,1110062,9653.0
2023-11-14,1108085,34532.0
2023-12-06,1108085,33340.0
2023-07-03,1108060,22202.0
2023-04-08,1124052,4551.0
2023-03-06,1119065,6786.0
2023-01-26,1104059,11275.0
2023-03-31,1103063,6749.0
2023-02-23,1107062,25845.0
2023-11-30,1103063,5806.0
2023-12-15,1123075,48105.0
2023-05-14,1124080,13184.0
2023-06-21,1111061,6814.0
2023-10-03,1114071,4898.0
2023-07-09,1113062,20843.0
2023-07-03,1119062,20595.0
2023-11-11,1111074,5256.0
2023-10-29,1122056,1417.0
2023-03-11,1106084,6995.0
2023-05-24,1103051,5990.0
2023-04-27,1123078,22182.0
2023-11-15,1123079,96527.0
2023-08-20,1101057,1181.0
2023-04-26,1119054,
2023-04-08,1113052,16769.0
2023-03-06,1124051,3706.0
2023-12-08,1117067,15715.0
2023-08-30,1121052,12317.0
2023-08-14,1108078,5772.0
2023-07-03,1111066,53693.0
2023-11-06,1110055,16393.0
2023-08-12,1115069,3771.0
2023-01-06,1104058,4807.0
2023-05-18,1124055,12033.0
2023-01-09,1106080,11938.0
2023-10-24,1108081,15817.0
2023-02-16,1106081,74681.0
2023-11-04,1114075,5981.0
2023-03-06,1117064,11577.0
2023-03-10,1115052,32371.0
2023-05-13,1104062,12886.0
2023-07-27,1109072,42253.0
2023-12-19,1123063,90894.0
2023-02-06,1119072,41095.0
2023-01-06,1116063,8765.0
2023-02-23,1124061,19766.0
2023-12-27,1113066,7496.0
2023-06-30,1106072,31870.0
2023-11-05,1102070,1952.0
2023-04-25,1121083,16523.0
2023-11-16,1116066,2136.0
2023-04-04,1110065,26361.0
2023-05-15,1105065,7213.0
2023-05-04,1105057,17492.0
2023-08-16,1104058,5283.0
2023-03-13,1102067,3878.0
2023-02-08,1106072,29327.0
2023-10-17,1124057,11828.0
2023-06-24,1118051,42967.0
2023-05-13,1105066,5886.0
2023-10-14,1114075,5648.0
2023-02-16,1113064,9425.0
2023-07-25,1115058,7513.0
2023-08-03,1111076,11276.0
2023-07-26,1113071,6504.0
2023-11-08,1117051,75452.0
2023-08-27,1124066,16895.0
2023-09-16,1124064,6170.0
2023-01-04,1125065,16780.0
2023-12-21,1104059,10934.0
2023-07-16,1115061,2289.0
2023-02-07,1110051,7958.0
2023-06-11,1119055,14652.0
2023-04-22,1101060,1839.0
2023-01-29,1110061,3035.0
2023-12-26,1112065,28133.0
2023-04-17,1117065,4385.0
2023-12-16,1106073,9710.0
2023-03-13,1108082,65399.0
2023-05-23,1124061,19555.0
2023-05-29,1106082,21639.0
2023-04-30,1112071,32718.0
2023-07-03,1111058,12362.0
2023-04-18,1112057,10708.0
2023-02-13,1121063,73883.0
2023-03-15,1121082,10699.0
2023-07-21,1116072,9427.0
2023-06-12,1110060,7686.0
2023-10-27,1122055,16920.0
2023-08-29,1119071,4972.0
2023-10-27,1101060,2456.0
2023-06-20,1105054,9923.0
2023-08-30,1107059,7348.0
2023-08-07,1107068,4667.0
2023-09-13,1116071,40158.0
2023-07-16,1104058,2747.0
2023-05-30,1113069,14981.0
2023-02-23,1121079,9381.0
2023-10-05,1101057,2210.0
2023-02-08,1101064,52873.0
2023-04-10,1111065,22004.0
2023-06-14,1125070,12683.0
2023-01-16,1125056,4972.0
2023-04-28,1123052,83375.0
2023-01-22,1124075,5457.0
2023-08-28,1108081,14372.0
2023-04-27,1111061,6967.0
2023-02-18,1107068,3506.0
2023-06-16,1104056,48978.0
2023-10-19,1106082,32640.0
2023-04-06,1118058,7086.0
2023-04-01,1124059,29190.0
2023-03-16,1106081,79323.0
2023-08-15,1120068,24256.0
2023-09-14,1120054,22804.0
2023-07-15,1105063,14743.0
2023-08-27,1105056,3699.0
2023-01-04,1115052,30373.0
2023-10-03,1125058,10216.0
2023-03-23,1104052,20683.0
2023-02-07,1110053,8455.0
2023-08-07,1101067,8332.0
2023-04-29,1115053,14711.0
2023-04-13,1104062,16649.0
2023-04-15,1104054,8792.0
2023-10-31,1117070,7415.0
2023-06-07,1123080,18333.0
2023-03-07,1104056,48298.0
2023-11-21,1111069,27269.0
2023-06-21,1125052,28770.0
2023-09-02,1120052,11898.0
2023-06-25,1113062,24462.0
2023-02-14,1115060,6015.0
2023-08-03,1120056,7077.0
2023-06-26,1110062,12350.0
2023-10-20,1108066,42809.0
2023-02-23,1121081,11017.0
2023-06-02,1114059,22808.0
2023-10-26,1124079,29243.0
2023-02-17,1110056,4683.0
2023-06-25,1106090,5580.0
2023-09-25,1102065,6773.0
2023-11-28,1113074,7943.0
2023-08-25,1110054,6877.0
2023-04-24,1120070,16697.0
2023-08-03,1103053,38523.0
2023-08-30,1113075,86684.0
2023-07-14,1101072,7368.0
2023-03-30,1111052,14971.0
2023-05-23,1123079,95741.0
2023-07-16,1111077,7345.0
2023-01-13,1111078,23907.0
2023-03-24,1119056,65647.0
2023-06-03,1108084,15800.0
2023-01-28,1112056,12894.0
2023-04-28,1124079,33226.0
2023-02-11,1104057,10019.0
2023-09-08,1121083,17452.0
2023-05-26,1123064,157983.0
2023-03-05,1112058,21895.0
2023-10-31,1121061,9978.0
2023-10-23,1112058,34893.0
2023-12-31,1111074,4281.0
2023-01-24,1115072,10689.0
2023-10-24,1111066,53063.0
2023-11-03,1104066,31981.0
2023-03-30,1124067,23191.0
2023-09-20,1121064,82703.0
2023-06-05,1124079,26637.0
2023-07-23,1104065,7277.0
2023-05-02,1103066,4432.0
2023-05-06,1108078,3957.0
2023-01-11,1122055,15299.0
2023-11-16,1123073,3500.0
2023-08-22,1117072,34132.0
2023-05-26,1123073,3893.0
2023-07-26,1111078,25528.0
2023-05-17,1109074,18252.0
2023-10-24,1115058,7462.0
2023-07-08,1112059,14119.0
2023-02-09,1123065,19547.0
2023-06-22,1112059,19127.0
2023-06-05,1112059,17866.0
2023-04-27,1105057,18504.0
2023-07-24,1110051,7915.0
2023-01-06,1104059,10800.0
2023-03-13,1115052,31240.0
2023-05-02,1101060,2514.0
2023-12-02,1106073,9480.0
2023-07-09,1119074,34188.0
2023-11-14,1102072,2719.0
2023-01-30,1112056,17047.0
2023-07-18,1114072,8720.0
2023-06-29,1115054,9656.0
2023-06-22,1102058,16072.0
2023-09-28,1103052,15275.0
2023-09-24,1103059,2025.0
2023-12-06,1112060,6915.0
2023-08-17,1108084,19952.0
2023-10-19,1109071,32640.0
2023-10-09,1114076,15728.0
2023-12-25,1115064,3417.0
2023-09-12,1109069,14203.0
2023-06-16,1101060,2541.0
2023-01-06,1108076,9267.0
2023-03-23,1120053,68243.0
2023-12-12,1118051,96690.0
2023-07-28,1106073,11630.0
2023-08-10,1108061,12590.0
2023-11-08,1105067,15295.0
2023-11-01,1122060,90763.0
2023-11-28,1102071,24888.0
2023-10-02,1111072,9559.0
2023-01-01,1121062,15835.0
2023-11-02,1112068,11158.0
2023-07-16,1115063,3639.0
2023-02-13,1113072,10544.0
2023-09-19,1118060,8084.0
2023-02-22,1124069,43949.0
2023-12-28,1105067,14847.0
2023-07-15,1124067,13562.0
2023-03-17,1114060,52164.0
2023-01-20,1108066,38263.0
2023-08-07,1125056,5242.0
2023-08-16,1108076,9646.0
2023-11-01,1119056,61048.0
2023-06-18,1122063,6018.0
2023-12-07,1113073,57042.0
2023-11-09,1106073,13053.0
2023-03-03,1121080,97624.0
2023-06-06,1122068,6781.0
2023-02-01,1115069,6013.0
2023-08-05,1119068,12917.0
2023-04-14,1114076,29112.0
2023-07-12,1124062,2914.0
2023-03-01,1123068,2253.0
2023-10-24,1113064,11189.0
2023-10-30,1125071,21543.0
2023-05-07,1122065,5907.0
2023-11-15,1113076,32323.0
2023-10-20,1117072,36420.0
2023-11-24,1116071,44012.0
2023-02-15,1121061,9522.0
2023-02-02,1114077,54641.0
2023-12-16,1118061,9454.0
2023-04-12,1117067,16233.0
2023-07-25,1105057,16947.0
2023-03-30,1125074,19302.0
2023-03-29,1119075,5328.0
2023-04-15,1116051,10039.0
2023-08-08,1101061,187237.0
2023-05-30,1124053,15020.0
2023-02-21,1114078,31515.0
2023-07-06,1103070,6179.0
2023-05-26,1113069,14913.0
2023-02-01,1113066,7320.0
2023-01-11,1113068,19657.0
2023-11-20,1116072,9047.0
2023-09-12,1116073,83370.0
2023-04-17,1105056,5991.0
2023-06-21,1124058,13021.0
2023-06-15,1123078,21698.0
2023-09-28,1112051,15449.0
2023-03-28,1104056,47705.0
2023-09-30,1112059,8021.0
2023-07-16,1108072,12653.0
2023-06-17,1122056,2184.0
2023-04-26,1111078,
2023-02-04,1118061,9455.0
2023-10-28,1116071,32838.0
2023-12-17,1125054,6813.0
2023-07-20,1115051,66087.0
2023-12-04,1110062,12025.0
2023-03-18,1122063,8243.0
2023-05-21,1101053,52690.0
2023-02-28,1105062,42327.0
2023-01-26,1103074,37190.0
2023-04-05,1103064,2670.0
2023-07-01,1108064,4537.0
2023-10-31,1120069,6595.0
2023-08-09,1125051,12539.0
2023-11-19,1111051,7148.0
2023-05-15,1105062,39798.0
2023-05-06,1106087,12045.0
2023-08-31,1101054,4744.0
2023-02-07,1119073,26092.0
2023-12-18,1113069,13709.0
2023-11-27,1119065,6740.0
2023-07-20,1102055,113265.0
2023-05-15,1107071,33282.0
2023-08-13,1106082,16977.0
2023-04-15,1123064,86415.0
2023-07-03,1119068,20623.0
2023-02-09,1121073,23655.0
2023-01-25,1118052,25465.0
2023-10-23,1107052,7097.0
2023-07-27,1115070,12693.0
2023-10-24,1122052,115526.0
2023-09-14,1101054,5015.0
2023-09-13,1107065,14791.0
2023-03-27,1120070,16815.0
2023-06-09,1123073,3718.0
2023-06-22,1112052,21764.0
2023-04-20,1119069,19177.0
2023-03-26,1102071,13312.0
2023-03-21,1125053,17436.0
2023-04-30,1111064,4410.0
2023-01-23,1122054,5060.0
2023-07-08,1123074,9625.0
2023-09-18,1125071,21930.0
2023-08-08,1101055,7863.0
2023-01-23,1110053,3716.0
2023-03-20,1102058,15334.0
2023-01-12,1119056,60752.0
2023-02-18,1101055,6345.0
2023-07-12,1125051,13726.0
2023-04-01,1101064,49582.0
2023-04-12,1115060,6400.0
2023-03-08,1108071,12496.0
2023-11-21,1110056,4623.0
2023-01-23,1111066,26923.0
2023-11-05,1107073,11415.0
2023-09-22,1117068,28106.0
2023-02-15,1104062,16110.0
2023-11-07,1109062,7611.0
2023-04-16,1104062,8906.0
2023-07-25,1109060,58973.0
2023-05-31,1119068,21082.0
2023-10-18,1113068,24338.0
2023-10-11,1114060,51054.0
2023-04-26,1123075,
2023-05-16,1102058,17928.0
2023-07-12,1121066,15941.0
2023-12-13,1123051,13642.0
2023-11-19,1109071,21314.0
2023-04-04,1113071,6587.0
2023-09-23,1101070,6512.0
2023-08-24,1104056,45253.0
2023-10-08,1107055,2805.0
2023-09-27,1102067,4366.0
2023-12-17,1105059,27248.0
2023-04-05,1107069,27040.0
2023-03-26,1105063,13257.0
2023-09-14,1119072,41813.0
2023-08-15,1124051,2248.0
2023-03-10,1111058,12431.0
2023-03-01,1123077,39343.0
2023-10-31,1121072,28250.0
2023-11-23,1113070,15024.0
2023-07-05,1122060,93900.0
2023-02-01,1108082,55822.0
2023-10-15,1119061,6560.0
2023-07-10,1108060,22384.0
2023-04-20,1110060,7668.0
2023-04-28,1118051,95732.0
2023-04-03,1109074,17604.0
2023-07-05,1121068,33559.0
2023-05-10,1108066,44202.0
2023-07-28,1120066,13181.0
2023-10-24,1116057,5041.0
2023-12-11,1108059,5633.0
2023-03-30,1125055,4162.0
2023-10-30,1120054,21949.0
2023-08-27,1120056,3998.0
2023-04-05,1115071,15760.0
2023-06-04,1104073,10185.0
2023-05-01,1107073,17082.0
2023-02-08,1108072,25386.0
2023-06-23,1108064,8591.0
2023-11-14,1105060,35687.0
2023-06-20,1101064,51251.0
2023-10-30,1101071,23562.0
2023-11-11,1123051,11435.0
2023-01-02,1106090,9177.0
2023-01-25,1122059,12024.0
2023-09-01,1111053,15230.0
2023-04-15,1108065,14860.0
2023-07-09,1111066,30177.0
2023-06-11,1111059,13041.0
2023-03-07,1113070,15889.0
2023-09-21,1113075,99345.0
2023-02-28,1114060,43509.0
2023-09-20,1101064,55312.0
2023-03-17,1109061,9947.0
2023-07-17,1124060,23346.0
2023-01-07,1109071,26861.0
2023-05-04,1124053,15385.0
2023-07-16,1108071,6741.0
2023-11-05,11170740,
2023-02-04,1107072,21121.0
2023-01-22,1124060,6384.0
2023-08-10,1123068,3394.0
2023-09-21,1110059,49459.0
2023-08-16,1124065,10581.0
2023-03-21,1115065,3517.0
2023-09-13,1113070,15770.0
2023-03-30,1110052,10065.0
2023-07-02,1105055,3164.0
2023-02-14,1109075,9119.0
2023-12-18,11230511,
2023-03-20,1120072,63331.0
2023-05-11,1123068,4751.0
2023-11-10,1125067,5672.0
2023-11-29,1110052,9988.0
2023-04-03,1121066,15493.0
2023-08-29,1108078,6516.0
2023-07-14,1125074,19051.0
2023-08-06,1123073,1728.0
2023-12-31,1113076,19866.0
2023-11-05,1109070,15287.0
2023-05-25,1105057,18109.0
2023-04-15,1113064,7391.0
2023-12-08,1105053,68528.0
2023-10-08,1124060,11551.0
2023-06-23,1101058,11409.0
2023-04-18,1123067,31143.0
2023-01-04,1117065,4158.0
2023-07-01,1107073,16748.0
2023-03-13,1102073,9521.0
2023-09-25,1107070,11863.0
2023-03-18,1119062,11234.0
2023-02-26,1119065,4456.0
2023-09-06,1125061,14892.0
2023-09-11,1102059,49944.0
2023-11-21,1106088,16734.0
2023-08-15,1125056,2831.0
2023-06-30,1111053,13690.0
2023-10-31,1104057,15004.0
2023-06-14,1114077,57273.0
2023-10-01,1115057,2535.0
2023-07-03,1113065,6095.0
2023-10-07,1123076,12358.0
2023-02-05,1107052,3926.0
2023-03-22,1104073,18973.0
2023-01-20,1125056,5215.0
2023-01-08,1119056,28147.0
2023-02-18,1123053,35352.0
2023-10-23,1111079,39643.0
2023-03-25,1107059,5340.0
2023-08-13,1112059,9276.0
2023-03-02,1116074,36542.0
2023-09-12,1122065,11097.0
2023-02-27,1125070,11980.0
2023-08-16,1121066,15134.0
2023-09-04,1124069,44576.0
2023-10-23,1115057,4499.0
2023-02-06,1124081,29321.0
2023-08-04,1123074,13741.0
2023-07-21,1101058,11172.0
2023-11-23,1108058,16638.0
2023-07-13,1122054,13298.0
2023-09-01,1124061,20300.0
2023-10-09,1103052,16012.0
2023-11-14,1113075,97159.0
2023-07-09,1121057,9531.0
2023-06-11,1112066,10531.0
2023-02-05,1124067,10302.0
2023-12-27,1123079,92608.0
2023-05-03,1124056,6654.0
2023-09-15,1124057,12219.0
2023-05-24,1125059,3614.0
2023-08-21,1117071,28776.0
2023-10-04,1120053,65147.0
2023-03-16,1120053,69272.0
2023-09-24,1116065,1201.0
2023-03-12,1117056,14486.0
2023-10-31,1117055,7315.0
2023-04-03,1121071,6350.0
2023-10-29,1116073,45552.0
2023-10-30,1115071,14562.0
2023-06-08,1111079,40519.0
2023-05-23,1103073,95729.0
2023-03-18,1106091,6116.0
2023-07-05,1108068,11890.0
2023-12-24,1102069,21171.0
2023-04-08,1123060,13103.0
2023-05-21,1122053,44600.0
2023-06-01,1106082,34142.0
2023-10-18,1110063,36192.0
2023-06-25,1124061,12189.0
2023-12-08,1119074,54459.0
2023-06-22,1120067,4594.0
2023-08-17,1122064,28682.0
2023-01-12,1106082,31630.0
2023-03-15,1123067,32984.0
2023-05-14,1103065,18868.0
2023-04-04,1114074,64568.0
2023-01-25,1101071,16664.0
2023-07-09,1104055,7442.0
2023-11-22,1123053,67214.0
2023-02-12,1104054,6196.0
2023-07-12,1114060,45854.0
2023-07-05,1123053,68136.0
2023-08-12,1108072,15620.0
2023-09-13,1121069,22032.0
2023-10-13,1101053,101220.0
2023-02-01,1114075,7976.0
2023-02-10,1105055,4708.0
2023-12-07,1115069,6037.0
2023-08-25,1113052,20139.0
2023-09-20,1123071,7303.0
2023-02-05,1125074,10488.0
2023-06-12,1105066,6629.0
2023-06-17,1103072,6836.0
2023-03-06,1113066,7716.0
2023-02-24,1103071,7431.0
2023-12-25,1108065,11800.0
2023-01-21,1120065,2743.0
2023-01-08,1113052,10135.0
2023-10-11,1118055,11908.0
2023-12-25,1104056,31773.0
2023-03-21,1125058,22780.0
2023-01-05,1110056,4459.0
2023-08-15,1106071,3742.0
2023-05-26,1102073,10376.0
2023-08-13,1107064,4510.0
2023-04-30,1110056,2993.0
2023-06-04,1124082,7666.0
2023-08-06,1115065,1768.0
2023-08-11,1105055,4815.0
2023-10-18,1125053,17685.0
2023-10-29,1125070,8036.0
2023-06-01,1116074,37500.0
2023-12-27,1125072,3349.0
2023-05-31,1105058,3905.0
2023-07-28,1120069,6724.0
2023-08-21,1115071,15473.0
2023-01-06,1107070,11242.0
2023-09-01,1124075,26844.0
2023-09-18,1115060,6502.0
2023-01-19,1123063,88706.0
2023-05-03,1112066,21573.0
2023-12-02,1108066,29080.0
2023-12-30,1123065,11078.0
2023-08-21,1111066,51168.0
2023-10-18,1109073,7502.0
2023-06-03,1105054,7739.0
2023-03-24,1111077,13411.0
2023-09-03,1119055,15229.0
2023-05-20,1113071,4984.0
2023-03-01,1103072,4989.0
2023-02-12,1112073,6424.0
2023-11-22,1112060,7193.0
2023-05-20,1109065,18616.0
2023-08-30,1103071,8069.0
2023-02-03,1113076,31397.0
2023-09-21,1122058,12559.0
2023-12-29,1125067,5033.0
2023-08-14,1101071,21085.0
2023-10-14,1115069,4179.0
2023-11-04,1125058,14721.0
2023-03-29,1108061,17035.0
2023-04-30,1122063,6184.0
2023-12-19,1107061,3836.0
2023-02-07,1105063,19814.0
2023-05-02,1115070,14102.0
2023-11-04,1111051,9623.0
2023-08-24,1115060,6546.0
2023-03-10,1119070,5765.0
2023-09-04,1106087,20350.0
2023-09-20,1114078,33812.0
2023-08-30,1115071,15997.0
2023-07-26,1123058,70077.0
2023-05-21,1101054,3341.0
2023-05-01,1104056,35430.0
2023-12-12,1109063,14896.0
2023-07-15,1125072,2450.0
2023-05-25,1112059,19653.0
2023-10-24,1104055,25736.0
2023-02-24,1101057,2167.0
2023-01-24,1124058,5448.0
2023-05-13,1113074,6252.0
2023-06-30,1116066,2455.0
2023-07-20,1110062,13014.0
2023-04-21,1117054,103909.0
2023-06-10,1115052,21267.0
2023-10-09,1124053,6952.0
2023-01-20,1124051,3830.0
2023-06-01,1116072,8974.0
2023-07-27,1125052,27080.0
2023-12-31,1123078,9275.0
2023-05-30,1115060,6445.0
2023-01-11,1116072,8560.0
2023-09-09,1113064,8187.0
2023-03-18,1119075,3917.0
2023-07-13,1106087,20740.0
2023-10-26,1124057,11668.0
2023-11-23,1103066,4769.0
2023-01-30,1116064,50276.0
2023-12-12,1125055,4156.0
2023-08-20,1117054,43000.0
2023-01-16,1119074,48078.0
2023-10-22,1125056,2872.0
2023-03-17,1117055,7597.0
2023-03-02,1112056,19461.0
2023-03-20,1121065,2665.0
2023-06-10,1111065,17876.0
2023-10-31,1102054,149044.0
2023-04-02,1108071,7638.0
2023-02-25,1117072,26771.0
2023-09-27,1125072,3586.0
2023-02-12,1114072,4156.0
2023-05-14,1113072,7074.0
2023-11-29,1112072,11570.0
2023-06-25,1116066,1158.0
2023-06-16,1122052,123918.0
2023-08-07,1110051,7747.0
2023-02-11,1110064,8939.0
2023-08-06,1115057,2636.0
2023-04-04,1121063,79174.0
2023-08-20,1124063,15277.0
2023-04-22,1123064,88571.0
2023-01-15,1121057,9719.0
2023-12-08,1122063,10900.0
2023-09-06,1102069,30857.0
2023-06-10,1102069,22602.0
2023-10-16,1115071,15038.0
2023-05-31,1120066,14018.0
2023-02-20,1118051,95745.0
2023-09-27,1123076,19166.0
2023-02-09,1111059,24810.0
2023-08-11,1116071,39396.0
2023-04-03,1115053,23202.0
2023-01-25,1121057,14190.0
2023-11-02,1115062,5550.0
2023-04-16,1113062,23571.0
2023-01-21,1102059,22481.0
2023-03-21,1114068,6756.0
2023-03-02,1110055,17827.0
2023-06-18,1113069,7194.0
2023-01-16,1118059,3807.0
2023-03-18,1118051,42626.0
2023-05-13,1117055,6084.0
2023-07-20,1125051,12825.0
2023-12-19,1110062,12780.0
2023-07-13,1124053,14182.0
2023-03-12,1110057,5108.0
2023-01-25,1119069,15888.0
2023-03-16,1119071,4699.0
2023-12-04,1116063,8334.0
2023-05-12,1117051,80645.0
2023-04-25,1101072,7308.0
2023-04-18,1115072,31899.0
2023-12-11,1111073,3892.0
2023-11-05,1114071,5594.0
2023-08-14,1112067,17912.0
2023-04-21,1123079,101590.0
2023-01-18,1113076,30161.0
2023-08-20,1111064,4030.0
2023-04-06,1107069,27373.0
2023-12-19,1111077,13231.0
2023-07-18,1123063,88688.0
2023-02-14,1122066,84677.0
2023-09-05,1124078,28572.0
2023-06-15,1119070,5800.0
2023-11-07,1104068,50691.0
2023-11-23,1102054,155791.0
2023-04-24,1111061,6473.0
2023-09-16,1115071,13481.0
2023-09-13,1122056,3348.0
2023-04-06,1113076,31924.0
2023-12-05,1112071,47116.0
2023-05-03,1121069,23268.0
2023-08-17,1108061,16016.0
2023-10-18,1107071,32804.0
2023-11-08,1113073,57114.0
2023-02-18,1110059,35351.0
2023-03-08,1105067,15007.0
2023-11-16,1117067,14304.0
2023-08-18,1110064,10974.0
2023-03-17,1110063,36282.0
2023-01-25,1108084,16643.0
2023-04-24,1121066,15205.0
2023-10-07,1114066,215001.0
2023-12-05,1112058,35898.0
2023-06-02,1116073,86815.0
2023-09-23,1110057,7530.0
2023-06-08,1125067,5003.0
2023-12-01,1118059,3753.0
2023-08-18,1120067,4921.0
2023-11-30,1123080,18809.0
2023-05-24,1109075,9684.0
2023-10-14,1101056,7005.0
2023-04-01,1108058,10976.0
2023-06-09,1101055,12592.0
2023-12-09,11230511,
2023-03-04,1102057,19182.0
2023-05-29,1108077,11472.0
2023-01-09,1104062,15350.0
2023-01-22,1106089,4473.0
2023-09-19,1122062,27118.0
2023-12-09,1124080,16249.0
2023-04-02,1116071,28470.0
2023-04-29,1122058,9523.0
2023-12-30,1111077,10402.0
2023-01-08,1114070,2941.0
2023-12-27,1122058,11485.0
2023-12-29,1113068,22087.0
2023-08-30,1113071,6450.0
2023-10-14,1123077,59921.0
2023-08-29,1115061,4449.0
2023-04-05,1120055,8451.0
2023-09-16,1103065,22215.0
2023-04-21,1110061,5586.0
2023-04-11,1103071,9334.0
2023-12-27,1106071,7495.0
2023-08-27,1115061,2159.0
2023-12-25,1113062,24618.0
2023-11-11,1108085,24734.0
2023-10-15,1113069,7417.0
2023-09-29,1109071,15531.0
2023-04-22,1125052,17875.0
2023-01-04,1112052,19637.0
2023-04-06,1106081,76092.0
2023-01-10,1123051,13528.0
2023-11-16,1123079,95914.0
2023-01-26,1124056,6878.0
2023-06-17,1125056,3990.0
2023-08-08,1117055,8048.0
2023-02-15,1125059,3646.0
2023-01-19,1121073,23904.0
2023-05-24,1107071,33147.0
2023-12-21,1109069,13310.0
2023-06-04,1112060,3749.0
2023-01-13,1101054,4062.0
2023-04-27,1120063,9255.0
2023-02-25,1110053,6035.0
2023-06-04,1109063,9483.0
2023-10-16,1116067,28167.0
2023-11-25,1110052,7640.0
2023-09-03,1124081,15166.0
2023-07-07,1117068,28249.0
2023-04-20,1115060,6364.0
2023-08-23,1103053,39124.0
2023-02-17,1120052,14354.0
2023-03-25,1106082,26195.0
2023-06-26,1110052,9872.0
2023-08-01,1109062,7171.0
2023-11-29,1122062,26584.0
2023-11-25,1119071,3946.0
2023-12-29,1108058,14385.0
2023-09-25,1115070,13464.0
2023-02-20,1114076,24873.0
2023-08-29,1116065,2340.0
2023-07-25,1116063,8834.0
2023-11-02,1117065,4117.0
2023-05-04,1120065,6930.0
2023-07-19,1107052,7332.0
2023-12-04,1114076,26854.0
2023-03-18,1103070,4824.0
2023-01-24,1112065,10521.0
2023-12-12,1110065,25884.0
2023-07-14,1115054,10378.0
2023-08-09,1111060,8816.0
2023-02-24,1109060,61578.0
2023-10-12,1106073,12924.0
2023-07-09,1114068,4581.0
2023-11-19,1109075,5724.0
2023-09-26,1101057,1786.0
2023-06-26,1108058,14480.0
2023-02-01,1119074,49703.0
2023-01-10,1108082,55795.0
2023-03-27,1118057,27275.0
2023-07-30,1125071,7795.0
2023-12-12,1124068,5104.0
2023-05-15,1116066,2321.0
2023-04-05,1102069,29382.0
2023-03-25,1120065,4699.0
2023-01-04,1112058,32406.0
2023-10-10,1115071,15281.0
2023-12-08,1101058,11310.0
2023-06-11,1111052,6737.0
2023-07-08,1108059,4559.0
2023-02-23,1101072,7176.0
2023-02-04,1111052,8978.0
2023-08-01,1106083,50499.0
2023-08-30,1112057,11327.0
2023-06-11,1101071,23856.0
2023-12-09,1124052,4495.0
2023-04-19,1118051,95918.0
2023-11-22,1124080,18668.0
2023-11-28,1113052,19381.0
2023-08-31,1105059,51824.0
2023-08-04,1124054,3256.0
2023-08-22,1121079,10335.0
2023-06-05,1103069,8317.0
2023-08-10,1108068,9090.0
2023-06-12,1124078,17634.0
2023-07-05,1124071,20221.0
2023-03-20,1121072,28409.0
2023-02-04,1101073,14417.0
2023-10-21,1122063,8074.0
2023-04-16,1124082,7278.0
2023-11-15,1125053,18302.0
2023-07-10,1114063,2583.0
2023-01-30,1102071,23243.0
2023-06-21,1101057,2142.0
2023-11-07,1116058,4159.0
2023-03-19,1121057,10426.0
2023-05-17,1116055,9046.0
2023-04-29,1124054,2215.0
2023-09-20,1106073,13206.0
2023-08-08,1122063,10191.0
2023-11-09,1118057,25266.0
2023-09-07,1114066,194691.0
2023-05-08,1118058,7040.0
2023-04-11,1115066,29604.0
2023-12-01,1104058,5293.0
2023-11-17,1121064,87032.0
2023-04-09,1108078,4013.0
2023-02-15,1113062,42039.0
2023-02-10,1110064,10556.0
2023-05-25,1115057,4820.0
2023-03-12,1108058,7258.0
2023-10-16,1116055,9060.0
2023-02-22,1114073,32164.0
2023-01-06,1110051,8018.0
2023-03-21,1125052,28890.0
2023-09-28,1103063,3592.0
2023-04-06,1104052,20538.0
2023-10-11,1104057,15299.0
2023-01-28,1124057,8211.0
2023-02-25,1105066,5528.0
2023-08-23,1107052,7007.0
2023-01-14,1115058,5228.0
2023-05-29,1101070,5539.0
2023-07-30,1116064,20621.0
2023-02-08,1116061,15393.0
2023-12-13,1107073,21898.0
2023-12-13,1122057,24329.0
2023-06-23,1122065,11815.0
2023-10-12,1112073,12879.0
2023-01-31,1103063,5577.0
2023-10-21,11170730,15011.0
2023-10-13,1119061,14517.0
2023-11-24,1109065,22051.0
2023-03-20,1111079,42544.0
2023-05-31,1111072,17684.0
2023-07-18,1115060,6468.0
2023-02-27,1124066,35084.0
2023-10-09,1123051,8166.0
2023-12-03,1114068,5101.0
2023-09-01,1116052,17827.0
2023-03-02,1121080,96735.0
2023-05-15,1121062,37152.0
2023-12-26,1124077,120846.0
2023-01-09,1122064,27060.0
2023-03-24,1121082,11243.0
2023-02-22,1108066,39981.0
2023-09-02,1109071,28265.0
2023-09-01,1122064,31416.0
2023-08-18,1102065,6698.0
2023-05-20,1103058,10611.0
2023-01-16,1117067,14880.0
2023-02-12,1115057,2538.0
2023-10-24,1114063,2182.0
2023-05-17,1108061,17297.0
2023-03-26,1107061,2300.0
2023-10-24,1123052,78539.0
2023-05-10,1125053,17915.0
2023-10-07,1111077,9391.0
2023-09-04,1115066,30846.0
2023-07-13,1107065,13961.0
2023-08-29,1111073,4089.0
2023-02-03,1104066,29341.0
2023-12-15,1125053,18470.0
2023-06-18,1111064,4065.0
2023-08-09,1104058,5123.0
2023-01-27,1114077,54783.0
2023-08-18,1112056,19539.0
2023-09-08,1124081,31673.0
2023-07-02,1102067,2739.0
2023-08-01,1102060,59674.0
2023-12-17,1118055,6614.0
2023-06-12,1111064,6911.0
2023-01-19,1106073,11516.0
2023-11-11,1119061,8534.0
2023-01-30,1124071,18603.0
2023-02-19,1115069,2759.0
2023-02-07,1118057,26458.0
2023-01-31,1115058,7157.0
2023-12-09,1114078,22256.0
2023-12-08,1123053,66568.0
2023-01-12,1120056,7292.0
2023-10-23,1122068,11061.0
2023-07-22,1109072,34340.0
2023-11-18,1123076,12155.0
2023-12-06,1111056,28785.0
2023-03-16,1113071,6536.0
2023-02-02,1125059,3765.0
2023-07-31,1119056,55858.0
2023-06-27,1121063,77724.0
2023-09-08,1123076,19554.0
2023-10-05,1114074,63494.0
2023-02-06,1121064,82193.0
2023-11-26,1121080,51677.0
2023-03-26,1114070,3465.0
2023-05-18,1115054,9802.0
2023-10-30,1105056,5904.0
2023-03-15,1107057,6464.0
2023-09-19,1118059,4050.0
2023-06-13,1125066,62017.0
2023-05-01,1102057,26554.0
2023-10-07,1115069,4212.0
2023-08-16,1114073,32063.0
2023-05-03,1109065,23181.0
2023-05-11,1116066,2347.0
2023-01-06,1103069,8003.0
2023-06-12,1116070,20937.0
2023-05-19,1111076,12698.0
2023-01-06,1124053,14282.0
2023-04-23,1119074,35404.0
2023-01-23,1104065,4112.0
2023-08-13,1124066,15283.0
2023-10-08,1111079,23487.0
2023-04-07,1108081,16262.0
2023-01-26,1101067,9763.0
2023-10-01,1108058,7205.0
2023-06-01,1115072,32738.0
2023-06-16,1119062,20676.0
2023-06-04,1120056,4186.0
2023-05-27,1124079,20712.0
2023-05-17,1110061,5573.0
2023-07-18,1111072,16888.0
2023-10-19,1120066,13818.0
2023-04-30,1113062,26256.0
2023-09-07,1110064,11567.0
2023-12-26,1123079,90433.0
2023-08-26,1111079,28810.0
2023-05-18,1125067,5066.0
2023-07-05,1110053,8612.0
2023-04-05,1107073,21324.0
2023-04-01,1123073,2611.0
2023-12-07,1113071,6295.0
2023-04-11,1122054,12454.0
2023-03-23,1116053,8660.0
2023-12-07,1120066,13864.0
2023-05-24,1101055,14720.0
2023-12-30,1125074,15333.0
2023-06-07,1115051,63919.0
2023-12-27,1117051,75203.0
2023-07-22,1123077,58421.0
2023-05-06,1112066,11783.0
2023-07-07,1122064,29540.0
2023-10-20,1118061,13410.0
2023-11-07,1112072,11655.0
2023-08-06,1106080,8999.0
2023-05-01,1122055,11444.0
2023-01-26,1111065,21171.0
2023-04-21,1124057,12192.0
2023-10-07,1125063,4321.0
2023-10-13,1120072,69198.0
2023-12-09,1101069,3617.0
2023-04-09,1104062,9078.0
2023-04-09,1123075,25400.0
2023-05-17,1101055,9986.0
2023-08-28,1108077,16758.0
2023-08-27,1106084,5223.0
2023-08-21,1102059,49355.0
2023-04-02,1109064,6753.0
2023-10-20,1118051,96249.0
2023-09-27,1108078,7509.0
2023-11-07,1109075,9671.0
2023-05-26,1124068,4918.0
2023-11-30,1109064,10127.0
2023-04-10,1104062,16447.0
2023-05-13,1105053,69813.0
2023-04-07,1107068,5216.0
2023-11-06,1120065,6999.0
2023-07-06,1101070,6957.0
2023-07-28,1101068,153.0
2023-05-09,1110061,5589.0
2023-11-22,1108077,17588.0
2023-10-13,1115070,13825.0
2023-06-17,1111079,30775.0
2023-08-15,1108085,19157.0
2023-09-05,1110057,9859.0
2023-12-30,1125056,3993.0
2023-01-11,1122061,8018.0
2023-08-04,1105058,3720.0
2023-10-16,1108082,64774.0
2023-09-14,1107057,6982.0
2023-10-16,1124071,18851.0
2023-09-08,1121068,34199.0
2023-04-04,1112056,19074.0
2023-11-25,1119076,21917.0
2023-05-12,1125067,5333.0
2023-11-27,1114069,5804.0
2023-02-16,1109072,43105.0
2023-01-01,1102068,2530.0
2023-10-22,1107065,8328.0
2023-05-05,1109069,6765.0
2023-03-31,1123060,15183.0
2023-09-16,1101054,4742.0
2023-09-30,1110065,13503.0
2023-10-12,1107072,31310.0
2023-11-08,1124058,13144.0
2023-12-07,1106072,36594.0
2023-01-09,1124075,24356.0
2023-01-30,1106081,73150.0
2023-09-23,1113074,6238.0
2023-08-02,1107072,25816.0
2023-11-06,1107072,29885.0
2023-12-29,1125065,17281.0
2023-12-07,1108061,16719.0
2023-03-22,1101069,6101.0
2023-03-01,1125056,2912.0
2023-06-02,1124067,23661.0
2023-05-03,1115072,33103.0
2023-09-24,1111072,8763.0
2023-04-17,1122059,13422.0
2023-03-24,1110055,17945.0
2023-07-06,1106091,8677.0
2023-07-02,1123073,1899.0
2023-08-27,1125061,8422.0
2023-08-04,1119068,18825.0
2023-01-11,1123074,14444.0
2023-09-16,1103070,5090.0
2023-05-28,1118051,28258.0
2023-02-28,1109075,9267.0
2023-01-05,1101073,15668.0
2023-12-02,1101053,59471.0
2023-09-24,1114073,21420.0
2023-07-17,1112071,46419.0
2023-05-12,1121058,19604.0
2023-07-30,1116074,15737.0
2023-10-19,1114078,33291.0
2023-05-10,1114075,8121.0
2023-08-14,1119068,18112.0
2023-05-23,1124063,28908.0
2023-04-16,1124066,16409.0
2023-02-03,1110060,8007.0
2023-09-20,1101067,10112.0
2023-09-17,1117067,8407.0
2023-10-18,1110054,6700.0
2023-10-17,1103064,3118.0
2023-12-29,1115058,7559.0
2023-10-27,1106084,10815.0
2023-02-01,1121064,84966.0
2023-09-17,1107054,6571.0
2023-01-19,1110055,16717.0
2023-02-26,1119075,3164.0
2023-03-02,1116071,36950.0
2023-08-02,1125053,15307.0
2023-06-28,1110064,11132.0
2023-10-16,1112065,29301.0
2023-12-25,1121079,5539.0
2023-11-27,1105065,7282.0
2023-11-01,1105065,7270.0
2023-03-07,1103063,6134.0
2023-04-10,1115063,6365.0
2023-12-22,1124079,31247.0
2023-01-02,1103051,5189.0
2023-07-19,1124082,15992.0
2023-05-20,1106071,5505.0
2023-11-24,1121052,12062.0
2023-01-16,1107062,25456.0
2023-10-03,1108058,8159.0
2023-11-14,1117064,11387.0
2023-08-23,1102069,28996.0
2023-01-08,1112066,9388.0
2023-08-15,1116058,2879.0
2023-08-07,1119056,56986.0
2023-02-09,1105063,20216.0
2023-07-17,1115070,13010.0
2023-06-01,1107055,5090.0
2023-11-09,1107064,8014.0
2023-11-30,1125073,11228.0
2023-10-09,1104057,7792.0
2023-09-13,1102070,3988.0
2023-04-25,1108063,11367.0
2023-10-04,1103070,5725.0
2023-05-09,1121083,16838.0
2023-05-24,1112057,10736.0
2023-06-03,1102072,1971.0
2023-10-25,1112058,37105.0
2023-11-26,1107072,15398.0
2023-09-01,1102054,158636.0
2023-12-25,1120069,3938.0
2023-03-16,1112072,11814.0
2023-08-15,1103072,5266.0
2023-04-02,1121068,22551.0
2023-09-30,1125074,7913.0
2023-01-11,1124064,7701.0
2023-10-14,1113075,72480.0
2023-04-06,1104057,14993.0
2023-12-31,1103072,4763.0
2023-10-26,1103071,9128.0
2023-11-06,1102058,15733.0
2023-03-20,1116066,2149.0
2023-09-11,1116070,21086.0
2023-03-27,1108060,27927.0
2023-01-15,1121079,5291.0
2023-11-30,1123075,44252.0
2023-08-23,1119061,14040.0
2023-05-23,1120070,17737.0
2023-10-16,1104054,12940.0
2023-02-01,1118057,25763.0
2023-12-10,1121057,10112.0
2023-07-25,1105066,6966.0
2023-10-24,1111059,27260.0
2023-03-31,1124082,16158.0
2023-05-16,1106082,34110.0
2023-02-01,1107061,3805.0
2023-10-18,1115062,5497.0
2023-01-10,1114070,5018.0
2023-06-26,1109070,26267.0
2023-03-29,1116057,5170.0
2023-01-02,1113064,8855.0
2023-04-07,1114070,5482.0
2023-12-18,1107062,25806.0
2023-09-16,1110055,13348.0
2023-09-11,1112052,21320.0
2023-03-03,1107061,3987.0
2023-08-27,1117051,44328.0
2023-04-07,1102057,41668.0
2023-02-12,1115051,33321.0
2023-05-31,1105061,24766.0
2023-05-13,1120056,5837.0
2023-02-20,1125055,3527.0
2023-06-09,1104052,21355.0
2023-02-24,1111061,6845.0
2023-12-16,1113075,77936.0
2023-09-29,1117055,3550.0
2023-08-09,1112052,20961.0
2023-12-07,1117064,11567.0
2023-04-27,1124069,45959.0
2023-05-15,1122055,16420.0
2023-06-25,1108066,21368.0
2023-02-27,1121061,9164.0
2023-10-25,1104065,14189.0
2023-02-16,1111051,12424.0
2023-10-10,1101070,6907.0
2023-04-08,1102068,3893.0
2023-12-10,1106081,47844.0
2023-03-31,1121078,15529.0
2023-05-03,1107070,11676.0
2023-07-29,1110059,32441.0
2023-10-12,1104056,47853.0
2023-09-07,1121082,10695.0
2023-05-17,1102072,2523.0
2023-08-21,1122060,87818.0
2023-09-14,1109070,29365.0
2023-02-07,1104054,12557.0
2023-03-17,1121071,6428.0
2023-04-13,1114070,5162.0
2023-06-29,1124081,29673.0
2023-06-12,1106091,8248.0
2023-10-09,1124064,4419.0
2023-09-09,1117072,27696.0
2023-03-05,1123066,9948.0
2023-10-16,1102069,29348.0
2023-08-20,1111074,4016.0
2023-11-19,1107055,2705.0
2023-04-20,1108083,19120.0
2023-01-16,1122061,7935.0
2023-03-05,1103057,2935.0
2023-01-29,1125061,7751.0
2023-08-12,1116070,12104.0
2023-08-31,1120052,14236.0
2023-09-16,1104073,13779.0
2023-03-15,1102059,53823.0
2023-10-12,1113074,7968.0
2023-10-25,1114059,22787.0
2023-03-28,1104055,27773.0
2023-04-03,1110065,26327.0
2023-09-10,1103073,75077.0
2023-10-19,1122064,32433.0
2023-08-21,1119068,19991.0
2023-07-14,1103058,14371.0
2023-08-10,1108059,4952.0
2023-12-13,1120066,13754.0
2023-04-11,1121082,10356.0
2023-01-18,1120070,16747.0
2023-09-19,1118061,13035.0
2023-03-06,1107064,8240.0
2023-05-01,1111079,31856.0
2023-05-25,1111079,48300.0
2023-12-05,1111052,14214.0
2023-10-18,1109075,9526.0
2023-08-18,1125052,28392.0
2023-12-17,1102058,11484.0
2023-02-19,1106081,44372.0
2023-04-06,1119076,38440.0
2023-05-28,1121065,1547.0
2023-02-15,1114073,32418.0
2023-09-02,1123077,60654.0
2023-02-28,1106080,12907.0
2023-03-09,1107059,7403.0
2023-12-30,1125071,10378.0
2023-03-14,1114078,33863.0
2023-11-03,1115059,4008.0
2023-01-11,1114061,3221.0
2023-05-05,1124080,11569.0
2023-12-25,1120072,40691.0
2023-05-04,1124077,128226.0
2023-09-09,1123080,13313.0
2023-04-22,1124065,7180.0
2023-03-20,1122066,83438.0
2023-03-02,1120069,6729.0
2023-05-12,1124075,30666.0
2023-05-09,1121052,12312.0
2023-06-11,1125055,1888.0
2023-07-27,1105067,15355.0
2023-09-27,1113065,6318.0
2023-10-08,1105062,28134.0
2023-01-31,1107068,4713.0
2023-12-07,1121068,32951.0
2023-07-14,1124051,4031.0
2023-02-27,1112057,9661.0
2023-05-02,1102065,6236.0
2023-09-22,1123078,23107.0
2023-01-26,1107070,12065.0
2023-08-29,1121052,11611.0
2023-01-28,1119063,13578.0
2023-10-06,1123067,32595.0
2023-06-03,1115057,3845.0
2023-09-01,1123078,22860.0
2023-06-01,1119065,6710.0
2023-06-08,1123058,68318.0
2023-02-21,1105055,4550.0
2023-06-11,1103063,5246.0
2023-02-22,1101067,10518.0
2023-06-26,1105058,3736.0
2023-04-15,1111076,9447.0
2023-03-16,1112059,19212.0
2023-02-03,1102070,3807.0
2023-01-12,1113073,52035.0
2023-08-12,1108085,22230.0
2023-03-07,1121073,35282.0
2023-04-09,1113073,20412.0
2023-02-02,1122058,10415.0
2023-11-02,1119055,38383.0
2023-01-15,1121058,9885.0
2023-06-22,1117070,7578.0
2023-07-24,1105061,21536.0
2023-06-18,1124079,23555.0
2023-05-16,1105057,18081.0
2023-03-04,1118052,16811.0
2023-12-14,1117067,14797.0
2023-01-21,1103072,3165.0
2023-08-03,1112060,6831.0
2023-02-19,1108068,7118.0
2023-05-21,1103063,5180.0
2023-03-24,1105063,21611.0
2023-08-27,1120069,4464.0
2023-06-12,1121065,2695.0
2023-05-20,1118059,2957.0
2023-10-10,1112071,48489.0
2023-04-16,1115066,15671.0
2023-08-07,1109074,15099.0
2023-01-30,1121068,31268.0
2023-07-06,1104055,20095.0
2023-08-13,1114059,8942.0
2023-09-27,1107073,24144.0
2023-04-25,1125071,21100.0
2023-06-18,1113070,7511.0
2023-09-27,1107071,34476.0
2023-01-13,1119076,36843.0
2023-05-17,1107052,7267.0
2023-09-05,1124061,19551.0
2023-06-05,1110053,8191.0
2023-07-12,1102072,2809.0
2023-12-24,1124069,18053.0
2023-12-19,1103066,4481.0
2023-06-01,1121080,96670.0
2023-04-07,1102060,71543.0
2023-02-14,1110053,8096.0
2023-02-22,1119062,19675.0
2023-04-05,1108077,17001.0
2023-06-20,1125053,17179.0
2023-02-08,1113066,7551.0
2023-01-27,1125063,4568.0
2023-09-16,1106091,6286.0
2023-02-17,1116065,2284.0
2023-11-24,1107054,12116.0
2023-02-04,1118060,6382.0
2023-09-19,1117070,7650.0
2023-03-07,1101058,11675.0
2023-12-02,1118053,8132.0
2023-10-14,1111072,11844.0
2023-12-27,1122066,82689.0
2023-10-21,1101071,28678.0
2023-03-04,1119068,14137.0
2023-04-22,1105067,18414.0
2023-07-15,1106087,14048.0
2023-02-27,1123080,13958.0
2023-10-19,1117069,30398.0
2023-03-03,1122065,11156.0
2023-03-05,1107061,2144.0
2023-08-06,1115058,3824.0
2023-07-09,1105063,10366.0
2023-08-20,1124065,5001.0
2023-03-04,1108084,14790.0
2023-02-25,1119065,5334.0
2023-11-29,1123051,13196.0
2023-06-04,1107061,2306.0
2023-04-30,1116074,18568.0
2023-08-17,1103066,4361.0
2023-12-20,1111078,28423.0
2023-03-12,1103057,2819.0
2023-05-07,1116063,5248.0
2023-12-11,1102068,4958.0
2023-01-26,1110063,33332.0
2023-07-12,1123072,21743.0
2023-09-08,1123063,88311.0
2023-10-21,11250770,174.0
2023-01-21,1102067,1930.0
2023-07-05,1107054,12439.0
2023-04-09,1116061,8655.0
2023-01-07,1123065,10540.0
2023-02-02,1112058,34019.0
2023-11-13,1123058,63327.0
2023-05-13,1105064,5435.0
2023-07-28,1103069,8775.0
2023-11-18,1119068,14105.0
2023-08-26,1120073,42824.0
2023-03-21,1115057,4981.0
2023-01-01,1125071,6040.0
2023-01-16,1125061,13762.0
2023-07-10,1105054,9776.0
2023-01-04,1103073,90508.0
2023-04-12,1117051,77320.0
2023-03-19,1101070,5749.0
2023-01-11,1112052,19882.0
2023-11-13,1119071,4900.0
2023-11-16,1120065,6767.0
2023-06-20,1107060,39704.0
2023-01-03,1107072,26238.0
2023-03-29,1114073,33457.0
2023-06-16,1111053,13806.0
2023-07-17,1107061,3821.0
2023-05-23,1102055,110094.0
2023-03-07,1109071,34917.0
2023-10-26,1105055,4782.0
2023-01-17,1109074,14756.0
2023-09-12,1116071,39863.0
2023-11-24,1122052,123852.0
2023-07-30,1111066,31829.0
2023-11-12,1116069,10848.0
2023-12-10,1107070,5394.0
2023-10-09,1122064,11304.0
2023-01-09,1114077,51759.0
2023-07-15,1123080,11504.0
2023-02-05,1113068,11678.0
2023-10-03,1108082,35425.0
2023-06-28,1125053,18114.0
2023-06-26,1121061,9662.0
2023-03-22,1108065,22000.0
2023-04-21,1110056,4768.0
2023-07-08,1117064,9620.0
2023-09-14,1106087,21062.0
2023-12-12,1101057,2062.0
2023-06-28,1111053,13240.0
2023-01-30,1101071,21157.0
2023-07-26,1125052,27397.0
2023-02-12,1121065,1686.0
2023-06-19,1119074,48052.0
2023-08-04,1110059,44480.0
2023-06-25,1111060,5769.0
2023-04-29,1110063,25609.0
2023-11-08,1111056,30285.0
2023-02-20,1112065,27633.0
2023-07-06,1115060,6813.0
2023-05-31,1114071,7208.0
2023-03-22,1107065,14957.0
2023-12-03,1103065,16513.0
2023-10-03,1120069,3462.0
2023-05-27,1120070,8783.0
2023-05-10,1122064,33999.0
2023-06-24,1109060,49306.0
2023-08-07,1109064,10031.0
2023-06-04,1107064,4832.0
2023-08-15,1102057,16771.0
2023-04-22,1116072,7121.0
2023-09-02,1103058,9848.0
2023-09-08,1123068,5177.0
2023-09-12,1101070,7138.0
2023-03-04,1123079,65963.0
2023-01-12,1108076,8991.0
2023-05-15,1106084,10624.0
2023-12-10,1119061,6053.0
2023-09-15,1112068,10774.0
2023-03-02,1108078,7277.0
2023-10-25,1101068,144.0
2023-04-26,1121065,
2023-04-06,1123077,71915.0
2023-03-11,1110064,9669.0
2023-02-28,1114059,23107.0
2023-05-22,1124064,7979.0
2023-11-09,1122052,114729.0
2023-08-28,1107059,6959.0
2023-03-30,1108085,36126.0
2023-07-21,1119068,21058.0
2023-06-05,1109065,22259.0
2023-06-17,1115052,22953.0
2023-02-27,1108072,25190.0
2023-01-22,1104069,1073.0
2023-06-01,1117056,26609.0
2023-12-14,1101067,10263.0
2023-08-16,1111069,25646.0
2023-05-03,1121083,17075.0
2023-10-22,1105060,17982.0
2023-11-29,1103063,6077.0
2023-09-30,1107062,11261.0
2023-09-13,1106084,11058.0
2023-08-12,1109060,44409.0
2023-11-26,1119061,5605.0
2023-08-09,1121083,16173.0
2023-10-21,1105057,12723.0
2023-06-08,1114071,6860.0
2023-12-01,1122060,112929.0
2023-11-28,1118059,3954.0
2023-10-20,1109069,13983.0
2023-01-11,1117064,11314.0
2023-08-19,1113072,9110.0
2023-01-18,1113071,6260.0
2023-02-25,1113069,10418.0
2023-06-20,1122065,11022.0
2023-01-31,1121082,9914.0
2023-11-05,1104057,7300.0
2023-09-04,1112074,15388.0
2023-08-21,1111069,25476.0
2023-06-01,1120063,9543.0
2023-06-02,1120071,32397.0
2023-12-14,1112059,18662.0
2023-12-05,1106080,13341.0
2023-04-09,1105056,3860.0
2023-10-13,1125073,11989.0
2023-09-07,1118054,16463.0
2023-11-26,1105060,17656.0
2023-05-02,1116051,14631.0
2023-12-05,1122053,80668.0
2023-07-08,1120070,11058.0
2023-10-30,1103070,5712.0
2023-09-03,1105054,6112.0
2023-07-21,1121073,27348.0
2023-10-22,1123078,10128.0
2023-05-06,1101070,4533.0
2023-08-27,1108078,3528.0
2023-12-31,1125054,7778.0
2023-08-06,1116073,39280.0
2023-03-11,1113073,27717.0
2023-04-01,1101058,7711.0
2023-12-09,1116058,3386.0
2023-07-15,1114070,4043.0
2023-03-20,1117070,7323.0
2023-07-27,1124077,120868.0
2023-07-31,1122052,112324.0
2023-06-07,1103063,6583.0
2023-09-14,1103066,4634.0
2023-06-04,1105065,4161.0
2023-01-24,1125052,8665.0
2023-06-09,1101061,203159.0
2023-11-07,1107057,6605.0
2023-01-18,1111059,25201.0
2023-12-19,1121062,36904.0
2023-03-06,1111065,21820.0
2023-04-20,1123064,152827.0
2023-05-10,1125067,5067.0
2023-12-27,1116059,5508.0
2023-09-05,1101057,2298.0
2023-01-16,1117055,7877.0
2023-03-01,1101063,62836.0
2023-04-04,1106083,55439.0
2023-03-21,1120073,56578.0
2023-09-06,1110063,36186.0
2023-07-06,1112051,35905.0
2023-01-13,1114075,7382.0
2023-08-18,1104055,17315.0
2023-04-03,1115065,3375.0
2023-09-11,1124067,23197.0
2023-12-22,1101055,10532.0
2023-04-14,1124071,20067.0
2023-03-31,1101053,98395.0
2023-09-01,1113068,25317.0
2023-05-26,1107059,7685.0
2023-06-09,1121073,29913.0
2023-11-28,1116070,21592.0
2023-01-12,1109070,26834.0
2023-11-10,1119055,38436.0
2023-03-05,1123073,1799.0
2023-11-03,11250770,282.0
2023-09-26,1124082,16418.0
2023-03-05,1117072,18782.0
2023-08-19,1125052,17293.0
2023-12-20,1125053,18584.0
2023-11-12,1108077,9640.0
2023-11-06,1125071,20772.0
2023-09-02,1125051,8528.0
2023-01-14,1117067,10493.0
2023-11-07,11170740,
2023-09-19,1112068,11030.0
2023-06-28,1116055,9395.0
2023-01-13,1117051,74791.0
2023-04-08,1108072,18318.0
2023-07-05,1124079,30511.0
2023-05-03,1109070,30330.0
2023-04-26,1106083,
2023-08-22,1118052,28854.0
2023-12-27,1115065,3524.0
2023-06-04,1119055,15265.0
2023-09-03,1105062,27871.0
2023-07-05,1102067,4178.0
2023-04-23,1107068,2577.0
2023-04-13,1124065,10528.0
2023-11-27,1113064,10597.0
2023-02-06,1119076,36871.0
2023-04-14,1107057,6526.0
2023-05-26,1122068,11757.0
2023-02-18,1105062,37923.0
2023-02-27,1115058,6964.0
2023-04-16,1101056,6245.0
2023-12-29,1101056,9130.0
2023-07-21,1113065,6385.0
2023-01-23,1111078,10024.0
2023-12-28,1110051,7945.0
2023-11-09,1123052,78242.0
2023-06-30,1101073,18152.0
2023-05-17,1115053,23428.0
2023-09-17,1118058,3731.0
2023-05-01,1116071,31611.0
2023-05-13,1117065,3518.0
2023-04-06,1103071,9759.0
2023-01-16,1115053,22139.0
2023-08-19,1112058,28121.0
2023-01-30,1112072,10799.0
2023-11-30,1117061,13652.0
2023-08-19,1114071,6868.0
2023-11-07,1107060,39571.0
2023-06-23,1121052,12761.0
2023-07-30,1114072,4891.0
2023-05-13,1123075,34873.0
2023-05-27,1106081,51927.0
2023-10-23,1105053,60992.0
2023-11-05,1105056,3184.0
2023-04-25,1121052,12086.0
2023-06-27,1122067,28206.0
2023-07-03,1110060,8014.0
2023-11-01,1105056,5997.0
2023-06-26,1121062,35304.0
2023-06-27,1116072,9293.0
2023-01-06,1123074,14571.0
2023-03-03,1121064,88579.0
2023-09-06,1108068,12230.0
2023-02-16,1112059,18140.0
2023-05-02,1102067,4069.0
2023-12-10,1117064,7340.0
2023-01-15,1104065,6332.0
2023-12-07,1116067,28641.0
2023-02-16,1116072,8648.0
2023-04-12,1111072,17670.0
2023-06-17,1120072,57117.0
2023-12-12,1120069,6751.0
2023-06-16,1115066,31618.0
2023-07-23,1124053,5742.0
2023-10-15,1107065,8525.0
2023-05-31,1110054,6751.0
2023-03-23,1122068,11585.0
2023-02-16,1105066,6797.0
2023-07-15,1114077,31217.0
2023-11-04,1125063,4276.0
2023-05-27,1102070,2489.0
2023-10-21,1124060,16344.0
2023-08-18,1108085,32793.0
2023-05-26,1122064,32422.0
2023-06-08,1108082,66308.0
2023-04-01,1109070,22686.0
2023-11-03,1124079,30275.0
2023-01-27,1108085,32064.0
2023-02-26,1122058,6366.0
2023-10-14,1115071,12063.0
2023-11-20,1102052,91157.0
2023-11-21,1105054,9958.0
2023-09-17,1116067,13736.0
2023-09-24,1125071,8572.0
2023-11-30,1121081,11237.0
2023-07-22,1125065,10535.0
2023-07-16,1115059,1912.0
2023-01-05,1111076,11214.0
2023-10-30,1121068,32546.0
2023-12-13,1101068,99.0
2023-02-27,1105067,14796.0
2023-06-18,1121066,9828.0
2023-08-30,1106084,10251.0
2023-01-10,1124079,28136.0
2023-01-28,1106084,6349.0
2023-01-08,1113069,6467.0
2023-03-02,1116055,9951.0
2023-05-22,1108072,29425.0
2023-07-05,1122061,8448.0
2023-04-03,1119070,5877.0
2023-08-29,1115051,60083.0
2023-05-14,1110063,21462.0
2023-02-14,1115072,31227.0
2023-10-07,1115065,2496.0
2023-06-20,1114078,33825.0
2023-12-11,1124065,10236.0
2023-07-03,1102069,28800.0
2023-01-24,1123074,4300.0
2023-03-17,1112068,9274.0
2023-03-21,1122065,11109.0
2023-04-16,1101058,5540.0
2023-10-19,1124053,15126.0
2023-11-25,1105055,3833.0
2023-10-10,1124056,6639.0
2023-04-01,1109071,31422.0
2023-04-19,1120053,67293.0
2023-01-01,1109063,7228.0
2023-01-02,1108081,12832.0
2023-02-10,1121069,22909.0
2023-03-23,1107069,27173.0
2023-08-19,1114060,33749.0
2023-01-24,1106086,4293.0
2023-04-10,1114069,5832.0
2023-12-15,1107073,22764.0
2023-08-22,1113076,30834.0
2023-03-17,1102055,113143.0
2023-04-05,1110064,10124.0
2023-02-03,1110051,8469.0
2023-05-01,1116053,6254.0
2023-12-19,1120072,65823.0
2023-12-29,1124060,22877.0
2023-01-28,1124059,22748.0
2023-03-26,1116069,10929.0
2023-04-14,1108084,21116.0
2023-06-06,1123080,8946.0
2023-11-01,1122058,12378.0
2023-05-08,1101069,5843.0
2023-06-01,1113076,31554.0
2023-12-22,1113071,6309.0
2023-11-22,1113066,7805.0
2023-02-19,1111069,13902.0
2023-06-20,1124055,11918.0
2023-10-14,1109072,35471.0
2023-10-24,1108084,20237.0
2023-02-10,1120052,14187.0
2023-11-17,1103073,107938.0
2023-03-06,1122057,22680.0
2023-06-30,1102068,5406.0
2023-10-30,1111052,13738.0
2023-04-17,1118057,26719.0
2023-12-15,1110060,7946.0
2023-12-17,1114068,5182.0
2023-04-07,1121069,23264.0
2023-11-03,1110056,4742.0
2023-12-29,1103065,20887.0
2023-10-04,1115054,9538.0
2023-09-16,1114074,33630.0
2023-09-04,1105055,4671.0
2023-12-31,1102059,57503.0
2023-11-13,1106083,55394.0
2023-06-29,1115063,6013.0
2023-09-09,1103058,9918.0
2023-11-29,1116059,5676.0
2023-09-10,1119068,11212.0
2023-06-27,1102059,52317.0
2023-06-08,1114061,4193.0
2023-12-14,1117072,34554.0
2023-01-17,1120067,4243.0
2023-10-28,1123064,95891.0
2023-09-03,1124069,16277.0
2023-08-29,1101058,10659.0
2023-02-07,1121079,9638.0
2023-02-12,1121054,2306.0
2023-07-28,1108081,14589.0
2023-09-08,1107069,27693.0
2023-03-31,1124053,15641.0
2023-03-11,1105059,42317.0
2023-03-15,1109061,9633.0
2023-11-03,1117072,35189.0
2023-07-28,1113072,12061.0
2023-05-15,1103063,6212.0
2023-03-11,1106089,11103.0
2023-06-27,1124064,8291.0
2023-01-18,1113069,13947.0
2023-12-11,1108084,19558.0
2023-03-23,1125056,5397.0
2023-12-18,1118059,3711.0
2023-01-30,1114066,176264.0
2023-05-18,1123067,31837.0
2023-03-19,1103051,3953.0
2023-04-08,1115071,12891.0
2023-12-27,1108060,22409.0
2023-03-22,1103063,6522.0
2023-09-29,1111058,3692.0
2023-10-17,1101063,76734.0
2023-03-06,1117072,34907.0
2023-05-02,1104070,48802.0
2023-02-05,1121066,9037.0
2023-09-10,1121066,9696.0
2023-01-17,1119056,60133.0
2023-03-25,1117061,10898.0
2023-02-03,1123078,23028.0
2023-08-20,1122054,7998.0
2023-11-10,1120072,69566.0
2023-07-22,1124079,25075.0
2023-04-30,1122064,12430.0
2023-01-10,1122054,13698.0
2023-11-28,1124065,10440.0
2023-08-01,1104054,12358.0
2023-05-03,1120056,7596.0
2023-11-30,1113069,14432.0
2023-08-11,1124069,41153.0
2023-03-11,1117069,17767.0
2023-09-16,1124081,21487.0
2023-11-22,1114059,22966.0
2023-08-18,1110054,6582.0
2023-01-04,1116058,4501.0
2023-12-24,1107052,4787.0
2023-09-22,1111060,9283.0
2023-02-23,1106089,12582.0
2023-06-10,1118058,5745.0
2023-12-21,1113068,21024.0
2023-04-12,1117062,10491.0
2023-03-03,1113069,15153.0
2023-07-30,1125058,9763.0
2023-10-11,1119066,4611.0
2023-07-21,1116073,84363.0
2023-11-19,1101069,2553.0
2023-07-08,1111065,17896.0
2023-08-18,1123073,3718.0
2023-12-08,1116069,18626.0
2023-06-27,1125053,17297.0
2023-04-25,1101053,89354.0
2023-08-14,1109063,14351.0
2023-03-26,1125073,7505.0
2023-10-31,1101073,20230.0
2023-08-17,1101056,8861.0
2023-12-06,1124056,6398.0
2023-12-03,1103059,1729.0
2023-07-05,1114072,8830.0
2023-12-24,1117065,3127.0
2023-02-08,1124069,44104.0
2023-07-26,1115072,31135.0
2023-01-13,1108061,15529.0
2023-12-16,1125065,11498.0
2023-01-15,1105058,2047.0
2023-06-22,1125074,19490.0
2023-03-05,1111066,32801.0
2023-11-19,1124051,2115.0
2023-04-22,1123075,32331.0
2023-07-28,1122052,125701.0
2023-07-08,1123051,11790.0
2023-03-21,1122054,13293.0
2023-05-23,1116057,5343.0
2023-07-22,1108060,13218.0
2023-05-06,1111058,6826.0
2023-02-14,1115071,15901.0
2023-08-16,1116072,9321.0
2023-07-28,1111060,8969.0
2023-01-31,1124067,22152.0
2023-04-18,1110063,34362.0
2023-07-15,1107052,5158.0
2023-07-21,1108082,59883.0
2023-11-28,1124069,45483.0
2023-01-11,1111052,11974.0
2023-03-27,1102069,28992.0
2023-04-07,1102072,2698.0
2023-12-10,1101058,5595.0
2023-07-19,1120072,65176.0
2023-08-07,1119074,49027.0
2023-12-12,1103070,5454.0
2023-10-27,1115060,6302.0
2023-10-07,1108076,7558.0
2023-04-03,1101057,2212.0
2023-05-30,1124051,3744.0
2023-04-05,1121057,16244.0
2023-02-11,1124071,15205.0
2023-12-22,1101061,198322.0
2023-12-31,1116063,5135.0
2023-02-21,1107055,4848.0
2023-08-14,1102055,100819.0
2023-02-15,1104057,14420.0
2023-03-02,1120073,54737.0
2023-01-31,1108065,17922.0
2023-02-22,1123078,22237.0
2023-09-23,1125051,8783.0
2023-02-28,1102072,2499.0
2023-09-16,1104068,34450.0
2023-09-05,1104057,15172.0
2023-10-27,1124082,15409.0
2023-04-27,1111069,27335.0
2023-10-15,1112056,10874.0
2023-01-27,1113072,11421.0
2023-11-22,1103064,2854.0
2023-01-16,1122058,9846.0
2023-01-18,1123074,14730.0
2023-12-21,1104065,13019.0
2023-02-25,1113074,5771.0
2023-07-15,1124052,4521.0
2023-01-14,1104066,17434.0
2023-01-08,1124081,15201.0
2023-09-02,1108068,9814.0
2023-05-11,1122058,12109.0
2023-07-03,1104067,6029.0
2023-05-03,1108078,7407.0
2023-03-01,1107070,6231.0
2023-02-20,1102055,98224.0
2023-12-11,1117054,98573.0
2023-09-08,1118060,8197.0
2023-03-17,1108064,12707.0
2023-08-23,1101056,8285.0
2023-04-13,1121061,10276.0
2023-02-27,1114060,43317.0
2023-05-22,1111073,4038.0
2023-10-17,1124064,8102.0
2023-03-31,1124061,23084.0
2023-03-22,1121057,16691.0
2023-07-08,1111060,7171.0
2023-02-15,1107059,6777.0
2023-08-13,1123066,9856.0
2023-09-12,1122067,28496.0
2023-01-19,1111060,8774.0
2023-08-02,1108064,6270.0
2023-09-17,1122052,49680.0
2023-05-29,1117052,2164.0
2023-02-07,1124055,11407.0
2023-04-08,1116064,33088.0
2023-05-20,1119076,22389.0
2023-02-27,1112071,44812.0
2023-04-20,1121079,10541.0
2023-04-10,1122056,3327.0
2023-03-06,1119069,19140.0
2023-12-05,1123063,88441.0
2023-07-06,1105067,16583.0
2023-01-16,1125066,59959.0
2023-12-14,1122068,10951.0
2023-10-02,1101055,5797.0
2023-07-16,1103057,3093.0
2023-08-17,1105059,48997.0
2023-04-11,1120071,30418.0
2023-03-13,1101073,17781.0
2023-11-03,1109060,60966.0
2023-03-14,1114069,6007.0
2023-12-03,1101063,39534.0
2023-03-03,1111064,7392.0
2023-03-08,1108077,17389.0
2023-09-02,1103072,7023.0
2023-11-20,1108059,5631.0
2023-12-07,1121073,29122.0
2023-05-03,1112058,37419.0
2023-07-03,1106083,52847.0
2023-09-11,1108077,17372.0
2023-09-28,1110053,4327.0
2023-04-09,1121057,10751.0
2023-08-29,1124056,6502.0
2023-07-24,1108060,20501.0
2023-02-25,1123071,4408.0
2023-06-08,1110059,48847.0
2023-12-01,1108084,20289.0
2023-08-19,1103065,18944.0
2023-05-23,1110060,7809.0
2023-11-02,1117071,28571.0
2023-08-11,1108082,53737.0
2023-01-27,1119055,37207.0
2023-12-22,1113070,13559.0
2023-01-16,1101063,68143.0
2023-11-05,1113068,11577.0
2023-01-28,1121069,17350.0
2023-09-19,1123060,15577.0
2023-09-23,1123067,23912.0
2023-09-26,1117065,4542.0
2023-02-06,1117065,4162.0
2023-06-11,1114076,17073.0
2023-06-04,1110064,8297.0
2023-10-26,1104072,5451.0
2023-07-02,1115057,2799.0
2023-02-11,1105066,5602.0
2023-12-01,1114072,8542.0
2023-07-23,1111056,10137.0
2023-04-17,1124065,10169.0
2023-02-25,1108071,8445.0
2023-04-22,1123072,11660.0
2023-10-27,1119061,14461.0
2023-10-13,1104065,14509.0
2023-06-15,1115071,15295.0
2023-02-15,1120053,54540.0
2023-08-25,1109070,32192.0
2023-11-08,1115057,4593.0
2023-12-02,1101071,26374.0
2023-01-19,1119063,20238.0
2023-05-25,1107052,7338.0
2023-01-29,1119068,10367.0
2023-11-07,1116055,9193.0
2023-07-29,1117069,15893.0
2023-10-07,1119063,23277.0
2023-10-31,1121078,15045.0
2023-01-10,1108085,31753.0
2023-11-05,1101071,18862.0
2023-09-29,1125071,4923.0
2023-07-25,1111074,6734.0
2023-09-12,1125061,14578.0
2023-10-07,1124066,26639.0
2023-05-13,1111077,10020.0
2023-05-25,1115060,6655.0
2023-10-26,1102070,4025.0
2023-08-17,1125074,19029.0
2023-04-06,1118057,27188.0
2023-02-07,1101054,4282.0
2023-10-18,1105058,3679.0
2023-08-11,1120052,13265.0
2023-10-07,1101056,8252.0
2023-08-07,1114078,30169.0
2023-12-19,1111073,4071.0
2023-09-25,1124066,39176.0
2023-11-10,1122067,29481.0
2023-01-14,1112058,26136.0
2023-11-30,1108061,16683.0
2023-02-20,1110054,6041.0
2023-10-08,1102071,13985.0
2023-06-14,1119065,6709.0
2023-05-30,1125070,12661.0
2023-05-29,1117067,9408.0
2023-02-09,1111052,12235.0
2023-05-29,1124056,4644.0
2023-02-28,1101054,3728.0
2023-06-04,1124061,11775.0
2023-04-01,1112052,17975.0
2023-10-23,1102058,16288.0
2023-12-19,1116074,38955.0
2023-04-21,1109071,35664.0
2023-10-19,1123058,67389.0
2023-12-31,1120056,4254.0
2023-08-29,1112073,11605.0
2023-08-25,1115062,5958.0
2023-12-02,1124075,15952.0
2023-03-18,1112060,5055.0
2023-04-25,1103057,6363.0
2023-12-22,1124054,3498.0
2023-09-10,1115052,16724.0
2023-11-15,1103072,10038.0
2023-01-16,1123066,26281.0
2023-05-22,1124065,10376.0
2023-05-12,1108065,21747.0
2023-10-18,1122058,12840.0
2023-08-09,1105063,19299.0
2023-01-17,1115051,63479.0
2023-07-25,1109070,27320.0
2023-12-08,1123059,40143.0
2023-11-27,1125067,4918.0
2023-07-28,1108061,15915.0
2023-02-22,1112073,11504.0
2023-02-11,1123052,56879.0
2023-10-23,1112074,14465.0
2023-10-25,1119061,14586.0
2023-08-25,1109073,8630.0
2023-08-17,1109063,15074.0
2023-02-08,1123068,4673.0
2023-08-10,1109064,8816.0
2023-05-15,1105053,62175.0
2023-09-03,1101063,38630.0
2023-08-21,1103070,5991.0
2023-01-31,1123064,156519.0
2023-12-03,1104052,10155.0
2023-07-13,1113075,85493.0
2023-03-04,1124071,14593.0
2023-02-27,1116073,80682.0
2023-05-12,1123080,18534.0
2023-04-11,1111078,26157.0
2023-06-28,1108066,40894.0
2023-03-19,1108068,7536.0
2023-12-10,1111072,8384.0
2023-02-27,1102070,3840.0
2023-11-17,1119072,41836.0
2023-01-24,1121064,36616.0
2023-05-22,1107071,33040.0
2023-01-01,1119062,6694.0
2023-11-06,1108060,26599.0
2023-04-25,1102072,2629.0
2023-02-13,1118055,11100.0
2023-01-09,1115054,9253.0
2023-10-21,1119067,3184.0
2023-03-02,1125070,13074.0
2023-03-31,1112052,22034.0
2023-05-11,1112066,21643.0
2023-06-13,1106082,33758.0
2023-06-16,1112074,15745.0
2023-03-03,1115051,65887.0
2023-04-30,1103057,3126.0
2023-02-22,1121082,9637.0
2023-08-16,1107071,29897.0
2023-04-26,1125065,
2023-09-17,1108065,11542.0
2023-05-04,1119069,19770.0
2023-03-19,1103072,4645.0
2023-05-08,1112058,35927.0
2023-07-21,1122068,11497.0
2023-03-15,1124071,18873.0
2023-03-15,1115052,31756.0
2023-01-25,1116064,44971.0
2023-06-21,1108071,12133.0
2023-06-14,1115059,4158.0
2023-01-25,1108062,10595.0
2023-01-14,1119062,10395.0
2023-11-21,1104057,14866.0
2023-03-28,1101064,56115.0
2023-09-02,1108061,12078.0
2023-11-17,1121081,11418.0
2023-04-13,1111058,12568.0
2023-02-27,1107064,7441.0
2023-06-30,1113074,8101.0
2023-01-24,1115062,2016.0
2023-04-20,1109074,18609.0
2023-04-06,1119074,49521.0
2023-03-24,1105054,10134.0
2023-02-20,1111072,16601.0
2023-09-18,1109072,44230.0
2023-09-10,1123053,21594.0
2023-08-15,1118053,6354.0
2023-10-08,1102060,34352.0
2023-02-01,1112074,15029.0
2023-06-21,1114066,188922.0
2023-04-10,1104052,20247.0
2023-04-09,1118053,6095.0
2023-12-21,1111072,16600.0
2023-05-30,1108066,43286.0
2023-03-07,1101056,9967.0
2023-07-27,1124061,19911.0
2023-07-02,1103063,5071.0
2023-04-01,1116053,5970.0
2023-08-01,1124079,27120.0
2023-11-27,1113065,5711.0
2023-06-10,1121061,8017.0
2023-10-19,1125067,5083.0
2023-05-23,1104073,18221.0
2023-09-27,1105067,16237.0
2023-01-25,1112071,38577.0
2023-03-28,1111076,12318.0
2023-01-10,1116067,27160.0
2023-10-01,1101058,5373.0
2023-03-05,1114072,4326.0
2023-01-04,1111066,51096.0
2023-08-29,1106084,9540.0
2023-04-25,1103064,2686.0
2023-09-23,1102073,6932.0
2023-08-20,1122068,4827.0
2023-01-31,1112065,27985.0
2023-01-10,1119069,18332.0
2023-05-25,1122066,86856.0
2023-06-08,1103073,93579.0
2023-05-09,1110051,9693.0
2023-02-08,1102055,99034.0
2023-11-22,1115062,5603.0
2023-01-17,1110052,9905.0
2023-01-13,1121072,28407.0
2023-03-11,1117054,62605.0
2023-12-28,1124081,28589.0
2023-02-18,1123060,11867.0
2023-08-23,1117071,29164.0
2023-04-12,1114075,7791.0
2023-03-08,1108082,68452.0
2023-06-06,1107061,2373.0
2023-05-23,1121054,4336.0
2023-04-21,1113074,7817.0
2023-12-25,1111076,7426.0
2023-05-07,1120063,5615.0
2023-01-10,1111074,6331.0
2023-08-31,1115058,7567.0
2023-02-21,1117068,25599.0
2023-12-29,1124059,28373.0
2023-06-14,1114076,28030.0
2023-09-26,1109070,30333.0
2023-10-05,1103066,4502.0
2023-10-31,1109073,7756.0
2023-08-27,1103065,17594.0
2023-05-08,1101056,9932.0
2023-08-26,1113064,7762.0
2023-01-27,1117054,103341.0
2023-08-27,1124053,6774.0
2023-10-07,1103053,34857.0
2023-06-24,1122052,80976.0
2023-05-19,1124052,7697.0
2023-11-13,1123077,66234.0
2023-03-01,1105066,4884.0
2023-03-25,1112056,14510.0
2023-04-18,1122060,88694.0
2023-02-16,1116063,8648.0
2023-07-12,1117069,31150.0
2023-01-15,1125054,6896.0
2023-06-10,1107071,22701.0
2023-06-18,1109061,5881.0
2023-04-04,1117054,104698.0
2023-03-01,1109060,39775.0
2023-01-08,1122051,18723.0
2023-01-31,1104073,17540.0
2023-12-24,1115070,7589.0
2023-01-28,1117061,9270.0
2023-11-23,1104052,20636.0
2023-01-27,1116071,37305.0
2023-03-28,1124064,8218.0
2023-06-03,1111074,5775.0
2023-10-18,1112073,12767.0
2023-04-09,1106083,38273.0
2023-09-18,1122061,8184.0
2023-03-05,1116072,4749.0
2023-12-30,1107059,4995.0
2023-05-06,1114071,5301.0
2023-07-29,1120065,4559.0
2023-03-22,1117067,15833.0
2023-10-05,1105059,57273.0
2023-08-16,1113076,31773.0
2023-05-29,1118052,15046.0
2023-06-08,1102059,49724.0
2023-01-05,1102054,133770.0
2023-07-10,1108065,19451.0
2023-09-17,1117069,13183.0
2023-10-13,1105058,3966.0
2023-06-05,1104065,13844.0
2023-02-28,1105055,4560.0
2023-05-08,1121083,16971.0
2023-04-28,1108066,43691.0
2023-04-28,1101058,11509.0
2023-07-31,1103064,2794.0
2023-06-13,1118060,8106.0
2023-04-22,1121078,11281.0
2023-02-01,1125066,61467.0
2023-01-06,1101056,8680.0
2023-08-24,1125059,3797.0
2023-08-17,1124065,10591.0
2023-04-18,1114063,2355.0
2023-03-13,1121065,2667.0
2023-02-13,1111074,6166.0
2023-07-14,1118052,28617.0
2023-01-09,1120066,12661.0
2023-06-10,1103063,5839.0
2023-11-04,1122051,33516.0
2023-02-02,1103069,7997.0
2023-03-05,1110065,16622.0
2023-03-31,1109064,10861.0
2023-10-28,1125074,15474.0
2023-12-05,11170730,23411.0
2023-12-19,1102058,14198.0
2023-09-01,1120067,4996.0
2023-11-01,1123051,13304.0
2023-07-03,1120052,14218.0
2023-03-01,1106083,40807.0
2023-06-25,1107062,14737.0
2023-06-02,1106091,8556.0
2023-06-02,1119055,38501.0
2023-09-08,1124071,20333.0
2023-11-27,11230511,
2023-05-03,1101054,5193.0
2023-11-18,1118059,2597.0
2023-02-02,1109061,9358.0
2023-10-05,1119070,5806.0
2023-07-28,1111061,6957.0
2023-02-20,1111066,52611.0
2023-01-26,1103072,9520.0
2023-06-17,1104073,14265.0
2023-06-12,1124053,14811.0
2023-04-21,1113062,45259.0
2023-01-06,1121063,81362.0
2023-06-03,1106072,24063.0
2023-10-24,1117065,4250.0
2023-09-15,1115069,6577.0
2023-11-25,1110057,6913.0
2023-06-22,1124077,117777.0
2023-03-08,1105055,4654.0
2023-05-14,1108082,39103.0
2023-03-12,1108081,7951.0
2023-07-01,1111078,17779.0
2023-08-26,1101056,7418.0
2023-06-05,1123080,16379.0
2023-11-01,11250770,329.0
2023-10-31,1124082,15580.0
2023-05-05,1114063,1157.0
2023-02-14,1125059,3676.0
2023-03-02,1103073,93899.0
2023-07-27,1121052,12215.0
2023-03-14,1105065,7421.0
2023-02-04,1115069,4243.0
2023-03-27,1105062,39884.0
2023-07-26,1108078,6541.0
2023-06-18,1107054,6709.0
2023-02-08,1107061,3876.0
2023-01-12,1110059,47468.0
2023-02-08,1115059,3700.0
2023-09-24,1118055,6953.0
2023-11-03,1117056,25879.0
2023-08-15,1115053,11724.0
2023-01-03,1106084,8699.0
2023-02-06,1117055,7477.0
2023-06-10,1113068,16241.0
2023-02-26,1113065,3698.0
2023-10-21,1108081,12870.0
2023-04-09,1124066,17098.0
2023-07-21,1123059,41195.0
2023-05-08,1116055,8973.0
2023-05-02,1122066,83515.0
2023-07-21,1108065,20373.0
2023-04-20,1124064,8093.0
2023-10-15,1123060,9626.0
2023-06-03,1103063,6446.0
2023-08-25,1110057,10105.0
2023-05-31,1116061,16246.0
2023-09-28,1111065,10279.0
2023-12-18,1108076,8841.0
2023-01-30,1116070,20151.0
2023-01-03,1112057,9683.0
2023-04-11,1111060,8819.0
2023-11-15,1118061,13474.0
2023-10-01,1123053,13205.0
2023-02-06,1113064,9318.0
2023-10-22,1118051,32191.0
2023-06-04,1124053,6797.0
2023-10-15,1111061,4435.0
2023-07-03,1106084,10393.0
2023-04-05,1117068,26574.0
2023-07-10,1115070,13234.0
2023-11-29,1120071,31942.0
2023-01-15,1115064,3131.0
2023-07-06,1115057,5045.0
2023-09-17,1124069,16891.0
2023-09-08,1123074,16297.0
2023-05-25,1124054,3378.0
2023-04-24,1122066,81794.0
2023-09-09,1105058,3218.0
2023-04-18,1117069,31080.0
2023-07-03,1112073,12309.0
2023-02-12,1114068,5020.0
2023-05-09,1123077,73702.0
2023-03-03,1125071,20318.0
2023-01-22,1114072,2587.0
2023-12-21,1112051,34477.0
2023-03-08,1118061,13073.0
2023-03-05,1121072,16365.0
2023-04-05,1111064,7326.0
2023-08-02,1112072,11279.0
2023-11-30,1108082,64987.0
2023-06-06,1109070,17859.0
2023-03-14,1117067,15914.0
2023-07-03,1117056,26463.0
2023-08-28,1122065,10694.0
2023-06-21,1104066,29127.0
2023-12-26,1102054,146708.0
2023-07-05,1103059,3518.0
2023-05-25,1112068,9590.0
2023-11-26,1101057,1106.0
2023-06-27,1125055,4113.0
2023-02-16,1106082,28859.0
2023-04-24,1103072,9553.0
2023-05-03,1105059,59843.0
2023-06-19,1104067,6003.0
2023-03-23,1111064,7129.0
2023-10-27,1122061,8110.0
2023-06-23,1124060,24260.0
2023-01-08,1119070,3868.0
2023-05-07,1108085,18745.0
2023-03-26,1102067,2571.0
2023-07-14,1118059,3957.0
2023-09-16,1122051,38996.0
2023-08-24,1123079,101943.0
2023-08-14,1101072,7550.0
2023-12-22,1125053,17014.0
2023-06-30,1122064,30123.0
2023-06-19,1103063,6403.0
2023-10-09,1121066,9511.0
2023-05-25,1112065,29884.0
2023-09-05,1125059,3827.0
2023-12-19,1123073,3826.0
2023-09-15,1101067,10974.0
2023-09-11,1122065,11134.0
2023-05-08,1117068,27430.0
2023-07-15,1111058,7953.0
2023-10-19,1124082,15888.0
2023-10-17,1103058,16760.0
2023-06-15,1124078,24372.0
2023-07-23,1107064,4198.0
2023-01-08,1106091,3836.0
2023-10-03,1110061,3121.0
2023-07-29,1104067,4986.0
2023-07-19,1120063,9727.0
2023-09-03,1119065,4401.0
2023-04-12,1112060,7163.0
2023-06-02,1117051,80244.0
2023-01-14,1104054,9392.0
2023-01-08,1116051,7134.0
2023-06-07,1101071,22997.0
2023-11-08,1110053,8379.0
2023-05-20,1123078,15986.0
2023-04-20,1112057,10785.0
2023-05-01,1107065,10796.0
2023-08-22,1125055,4114.0
2023-06-10,1108065,14871.0
2023-02-20,1102059,46331.0
2023-02-15,1114076,26361.0
2023-01-02,1101063,58120.0
2023-11-10,11170730,23500.0
2023-07-17,1112072,12015.0
2023-12-01,1124077,125794.0
2023-07-15,1106088,11699.0
2023-03-13,1105053,63606.0
2023-12-11,1101060,2287.0
2023-03-16,1110055,17324.0
2023-09-06,1111078,28454.0
2023-10-09,1104058,2809.0
2023-06-18,1108081,10024.0
2023-12-21,1103057,6421.0
2023-12-07,1123066,27882.0
2023-01-24,1109075,4218.0
2023-02-08,1105065,7294.0
2023-10-27,1111073,3956.0
2023-04-12,1108084,20692.0
2023-08-03,1105066,6978.0
2023-10-13,1108064,12228.0
2023-11-03,1103057,6406.0
2023-12-01,1123073,3737.0
2023-10-05,1123071,6685.0
2023-08-25,1110051,8943.0
2023-02-23,1122056,2809.0
2023-07-19,1102054,142997.0
2023-11-26,1123058,30881.0
2023-04-17,1108072,29134.0
2023-08-14,1114078,28295.0
2023-09-22,1112067,21467.0
2023-04-27,1112066,21628.0
2023-11-27,1110057,9237.0
2023-02-13,1104056,42991.0
2023-07-10,1123073,3659.0
2023-01-04,1101073,15566.0
2023-02-05,1104055,6919.0
2023-05-15,1104056,45483.0
2023-12-12,1111079,40682.0
2023-04-28,1108059,5873.0
2023-06-10,1112057,7930.0
2023-07-06,1123052,79930.0
2023-12-03,1108063,6495.0
2023-07-05,1104065,13563.0
2023-12-26,1121080,87008.0
2023-04-03,1120054,22249.0
2023-06-01,1116065,2326.0
2023-11-25,1102052,56398.0
2023-12-27,1103074,39376.0
2023-11-27,1115060,6281.0
2023-09-19,1114061,4495.0
2023-12-11,1107054,11847.0
2023-03-27,1102065,6284.0
2023-09-15,1105061,24555.0
2023-11-27,1123079,92023.0
2023-06-25,1107055,2673.0
2023-09-24,1107054,6700.0
2023-05-07,1114063,1296.0
2023-05-21,1114071,5473.0
2023-10-13,1125059,3777.0
2023-04-24,1115058,7407.0
2023-03-07,1108085,35588.0
2023-05-06,1111065,14102.0
2023-07-07,1124069,44570.0
2023-08-24,1119056,60201.0
2023-12-30,1102073,6266.0
2023-05-29,1112052,14557.0
2023-10-03,1114072,3942.0
2023-07-25,1119075,5420.0
2023-04-09,1120066,6867.0
2023-07-06,1111061,7381.0
2023-08-24,1124059,20985.0
2023-05-23,1124060,23326.0
2023-07-26,1117064,11836.0
2023-08-06,1103051,3789.0
2023-01-29,1124064,4257.0
2023-02-06,1104069,3367.0
2023-10-31,1114070,5167.0
2023-10-11,1107068,5118.0
2023-07-27,1115062,5672.0
2023-03-09,1109069,13642.0
2023-08-02,1121052,11382.0
2023-10-16,1122055,15717.0
2023-04-11,1123053,66685.0
2023-03-30,1102059,51850.0
2023-01-23,1124061,7546.0
2023-12-17,1119055,15474.0
2023-06-06,1122067,13014.0
2023-09-21,1102060,70089.0
2023-10-16,1108078,7097.0
2023-05-20,1111052,9988.0
2023-03-14,1122054,13110.0
2023-01-16,1123058,63592.0
2023-08-03,1116059,5144.0
2023-06-14,1102054,147032.0
2023-10-08,1106083,40283.0
2023-06-05,1121073,31126.0
2023-08-01,1125066,57912.0
2023-04-26,1109060,
2023-04-12,1119063,21266.0
2023-05-29,1111073,2578.0
2023-09-09,1111052,9178.0
2023-07-26,1116073,81653.0
2023-12-18,1106087,20306.0
2023-08-12,1107069,15746.0
2023-09-18,1107060,40676.0
2023-01-10,1109063,13778.0
2023-03-26,1104071,4899.0
2023-02-27,1120054,21337.0
2023-07-26,1101071,21636.0
2023-08-19,1115072,20742.0
2023-01-01,1114059,6725.0
2023-08-22,1125072,3413.0
2023-01-01,1105053,37573.0
2023-09-12,1113066,8096.0
2023-11-20,1125070,12692.0
2023-07-27,1123060,16610.0
2023-10-27,1124075,29925.0
2023-03-28,1116057,5287.0
2023-04-21,1116066,2331.0
2023-06-09,1120072,67934.0
2023-03-08,1109060,60516.0
2023-11-09,1122055,16485.0
2023-07-21,1123072,20940.0
2023-02-23,1117061,12443.0
2023-07-22,1107055,3895.0
2023-03-05,1107057,3597.0
2023-04-15,1111066,43115.0
2023-07-06,1119075,5473.0
2023-10-31,1112057,10836.0
2023-11-11,1111064,5375.0
2023-09-15,1109071,35813.0
2023-06-29,1108081,14237.0
2023-02-14,1122063,10396.0
2023-08-29,1110062,12472.0
2023-06-13,1103069,9158.0
2023-07-06,1108066,41334.0
2023-09-14,1121082,10810.0
2023-12-30,1120063,6446.0
2023-04-16,1122062,9467.0
2023-09-02,1112058,29996.0
2023-08-12,1111056,14214.0
2023-07-10,1109070,27849.0
2023-12-22,1119069,19130.0
2023-06-07,1112058,36100.0
2023-03-19,1111072,8439.0
2023-11-19,1112056,10021.0
2023-02-08,1122064,28434.0
2023-07-07,1116072,9477.0
2023-09-18,1104065,13065.0
2023-02-28,1115072,31201.0
2023-11-29,1124069,45859.0
2023-04-10,1115066,30609.0
2023-09-04,1109074,17059.0
2023-03-03,1104055,23010.0
2023-09-09,1121083,13837.0
2023-04-02,1122057,11937.0
2023-03-26,1124079,16308.0
2023-08-03,1120073,50612.0
2023-11-01,1108060,27255.0
2023-10-02,1113074,4532.0
2023-05-15,1113072,12478.0
2023-06-07,1124056,6525.0
2023-05-11,1105060,35871.0
2023-02-16,1101061,192379.0
2023-12-21,1120055,8530.0
2023-11-21,1101056,9929.0
2023-01-09,1104057,13923.0
2023-06-07,1111051,14638.0
2023-09-13,1110062,13381.0
2023-06-17,1117068,17354.0
2023-09-13,1120063,9333.0
2023-09-13,1120071,32927.0
2023-05-22,1101072,7806.0
2023-03-12,1108061,8452.0
2023-10-06,1109075,10063.0
2023-11-08,1113064,11009.0
2023-10-16,1120053,65108.0
2023-07-30,1102054,89660.0
2023-06-02,1123059,40079.0
2023-10-31,1102057,42968.0
2023-03-02,1124082,15966.0
2023-05-26,1125071,21091.0
2023-06-05,1111052,13042.0
2023-06-05,1106082,31928.0
2023-08-29,1109072,40467.0
2023-03-15,1104068,49279.0
2023-07-10,1104065,13244.0
2023-01-31,1104066,28286.0
2023-02-03,1123059,40622.0
2023-12-18,1106091,8107.0
2023-07-08,1103073,90907.0
2023-12-31,1110059,27201.0
2023-04-03,1102054,151296.0
2023-07-02,1112072,7321.0
2023-11-10,1107062,26860.0
2023-03-12,1111065,11873.0
2023-05-06,1122057,12691.0
2023-01-13,1103051,5848.0
2023-06-12,1109070,28901.0
2023-03-06,1117056,26262.0
2023-12-08,1124071,20107.0
2023-11-09,1120068,49072.0
2023-02-13,1123053,64774.0
2023-11-15,1104054,13307.0
2023-01-18,1101068,93.0
2023-03-21,1106073,13317.0
2023-08-11,1106088,15395.0
2023-03-16,1116070,21507.0
2023-08-31,1121052,12291.0
2023-08-31,1116072,9289.0
2023-12-21,1121054,4646.0
2023-07-22,1111074,5534.0
2023-09-10,1113068,12828.0
2023-10-24,1119070,5610.0
2023-03-06,1124063,28228.0
2023-04-09,1118052,12639.0
2023-06-03,1118051,42942.0
2023-01-01,1125061,7241.0
2023-10-03,1102058,10325.0
2023-02-05,1116071,25013.0
2023-05-21,1104057,8204.0
2023-02-20,1115051,63574.0
2023-06-03,1116063,6795.0
2023-01-24,1125051,4117.0
2023-11-10,1116074,38178.0
2023-02-15,1123066,27478.0
2023-02-05,1115059,1902.0
2023-10-26,1106081,79552.0
2023-09-29,1104067,2093.0
2023-04-13,1119068,20883.0
2023-08-23,1107055,5046.0
2023-11-03,1105062,44037.0
2023-10-08,1115057,2833.0
2023-10-05,1111051,14588.0
2023-11-13,1117056,25473.0
2023-08-21,1106071,8069.0
2023-04-28,1120055,9068.0
2023-07-19,1117062,11580.0
2023-08-25,1114073,35094.0
2023-11-29,1102070,3983.0
2023-06-28,1124078,21955.0
2023-04-23,1124056,4127.0
2023-10-27,1107062,27423.0
2023-06-03,1123078,15461.0
2023-09-27,1116066,2468.0
2023-04-24,1124079,27855.0
2023-10-26,1109074,17312.0
2023-11-24,1115070,13540.0
2023-10-18,1107072,30524.0
2023-01-25,1102067,3148.0
2023-07-12,1102054,145142.0
2023-10-08,1107072,16485.0
2023-07-13,1107062,24967.0
2023-08-25,1124061,20080.0
2023-02-03,1112060,7065.0
2023-10-11,1112065,29982.0
2023-05-16,1124065,10647.0
2023-03-15,1102073,10122.0
2023-01-01,1107064,3648.0
2023-05-10,1124061,19740.0
2023-09-06,1109073,8162.0
2023-06-06,1108063,7626.0
2023-07-19,1116059,5840.0
2023-01-13,1114061,3193.0
2023-09-26,1119066,4706.0
2023-09-04,1125073,11256.0
2023-09-20,1125052,28920.0
2023-05-11,1105055,4809.0
2023-12-15,1122059,14244.0
2023-12-10,1121071,3349.0
2023-07-03,1112058,35315.0
2023-03-01,1101073,13522.0
2023-06-06,1116072,5291.0
2023-09-18,1112073,12875.0
2023-01-20,1102058,12053.0
2023-05-15,1112067,21537.0
2023-09-24,1114072,4717.0
2023-07-21,1106086,12357.0
2023-09-08,1124065,10991.0
2023-08-29,1106083,50196.0
2023-11-14,1105064,6497.0
2023-08-23,1119065,6697.0
2023-11-11,1113072,8527.0
2023-08-23,1124068,5230.0
2023-08-29,1122051,62141.0
2023-08-25,1125054,17708.0
2023-11-16,1121081,11133.0
2023-01-07,1103066,3516.0
2023-07-06,1113074,8110.0
2023-12-13,1122063,10776.0
2023-10-03,1104057,7248.0
2023-12-17,1108072,12634.0
2023-04-27,1108071,12223.0
2023-05-24,1115061,4776.0
2023-06-03,1123075,31915.0
2023-07-17,1125054,16733.0
2023-04-08,1123071,4561.0
2023-06-02,1125063,4962.0
2023-08-22,1103072,9951.0
2023-08-21,1124065,10433.0
2023-03-31,1110063,36639.0
2023-04-24,1119056,60688.0
2023-08-30,1107073,22435.0
2023-05-12,1107055,5298.0
2023-08-24,1104059,11521.0
2023-09-25,1117069,31609.0
2023-01-22,1108064,1892.0
2023-03-18,1110055,13965.0
2023-11-09,1115064,6529.0
2023-05-17,1113071,6512.0
2023-09-20,1103059,3291.0
2023-04-08,1121068,26859.0
2023-10-02,1106091,4757.0
2023-05-04,1102059,56920.0
2023-03-11,1123072,11855.0
2023-06-10,1125063,4195.0
2023-12-24,1102070,2415.0
2023-12-13,1108065,20997.0
2023-06-03,1108063,9533.0
2023-12-09,1121069,18245.0
2023-07-16,1108060,11247.0
2023-05-15,1119063,21484.0
2023-03-24,1120069,6899.0
2023-02-25,1101069,3338.0
2023-12-21,1102060,69505.0
2023-08-22,1107072,27312.0
2023-12-28,1101056,9055.0
2023-06-23,1116066,2503.0
2023-04-26,1119072,
2023-06-09,1118055,12088.0
2023-04-23,1124061,11458.0
2023-08-25,1124058,13862.0
2023-03-26,1101064,38854.0
2023-04-30,1101072,7186.0
2023-12-16,1110061,4500.0
2023-03-15,1103072,9690.0
2023-03-31,1114059,22909.0
2023-08-31,1120070,17686.0
2023-07-12,1109073,8356.0
2023-10-17,1116058,4155.0
2023-05-29,1116054,19960.0
2023-11-25,1110056,3709.0
2023-07-16,1108059,3173.0
2023-01-09,1111065,19877.0
2023-05-16,1115058,7621.0
2023-05-15,1115054,9732.0
2023-06-10,1110062,9400.0
2023-03-22,1104055,27233.0
2023-02-04,1103063,4440.0
2023-05-05,1109060,35761.0
2023-02-28,1113074,6987.0
2023-01-02,1123067,28807.0
2023-05-25,1124063,29297.0
2023-05-26,1116069,19110.0
2023-11-09,1116055,9308.0
2023-09-23,1110064,9509.0
2023-04-23,1103074,26276.0
2023-07-13,1121082,9816.0
2023-01-07,1121068,23860.0
2023-08-23,1122057,22013.0
2023-03-07,1116057,5208.0
2023-01-29,1106073,7061.0
2023-06-11,1102071,13182.0
2023-04-15,1101072,5737.0
2023-03-25,1122061,5630.0
2023-02-26,1125070,7592.0
2023-05-14,1106080,9487.0
2023-11-22,1112065,29936.0
2023-09-24,1103063,6763.0
2023-03-06,1110054,6703.0
2023-04-19,1111072,17662.0
2023-06-26,1101071,19768.0
2023-01-19,1104069,3470.0
2023-11-22,1103059,3206.0
2023-12-28,1114075,8172.0
2023-05-02,1102057,40540.0
2023-08-22,1104058,5113.0
2023-08-01,1124064,7804.0
2023-01-01,1109072,20790.0
2023-02-05,1103053,23049.0
2023-10-01,1112073,6142.0
2023-04-10,1109075,9571.0
2023-06-09,1118059,4145.0
2023-04-13,1101064,55130.0
2023-10-19,1125073,11043.0
2023-02-23,1120052,14142.0
2023-05-21,1106083,39552.0
2023-08-05,1125072,2395.0
2023-06-16,1114066,209291.0
2023-01-11,1110064,10529.0
2023-06-14,1102073,10046.0
2023-11-04,1114059,13176.0
2023-09-01,1119069,19907.0
2023-10-06,1109074,16857.0
2023-06-12,1122056,3326.0
2023-10-21,1116061,12285.0
2023-05-30,1119073,26820.0
2023-01-14,1107070,7597.0
2023-06-13,1111060,8954.0
2023-10-28,1125066,52711.0
2023-09-16,1115053,16055.0
2023-03-17,1122055,16373.0
2023-05-14,1101070,5966.0
2023-03-06,1113076,30173.0
2023-05-30,1102054,149841.0
2023-01-29,1116063,5008.0
2023-11-04,1119071,4092.0
2023-11-19,1122063,5840.0
2023-08-03,1116065,2269.0
2023-06-20,1121083,16836.0
2023-03-26,1124057,7217.0
2023-04-25,1108071,12145.0
2023-08-06,1101072,4536.0
2023-01-18,1110052,9917.0
2023-01-20,1107070,11296.0
2023-07-26,1101072,7923.0
2023-04-21,1103073,102334.0
2023-10-16,1109073,7492.0
2023-07-19,1104067,6291.0
2023-04-09,1112067,11400.0
2023-11-28,1121082,10029.0
2023-05-23,1125052,28927.0
2023-09-17,1101055,6594.0
2023-05-23,1105055,4640.0
2023-05-23,1111065,22404.0
2023-05-29,1106083,42367.0
2023-07-28,1102065,6577.0
2023-09-13,1124062,2835.0
2023-05-18,1115059,4172.0
2023-04-11,1103073,91106.0
2023-02-24,1122060,111821.0
2023-10-13,1105054,10118.0
2023-02-12,1119070,3884.0
2023-05-19,1123072,21477.0
2023-02-12,1122056,1130.0
2023-05-29,1125056,3038.0
2023-01-30,1112074,14262.0
2023-01-20,1110059,45850.0
2023-04-26,1123066,
2023-02-22,1122051,64659.0
2023-06-25,1111051,7140.0
2023-09-22,1122052,124691.0
2023-03-29,1119066,4498.0
2023-12-18,1116061,15457.0
2023-03-08,1125070,13007.0
2023-09-23,1105053,62884.0
2023-01-03,1109071,32418.0
2023-01-01,1105060,13591.0
2023-02-16,1112056,17748.0
2023-12-21,1122051,64536.0
2023-07-26,1123074,14637.0
2023-09-22,1103072,10446.0
2023-05-23,1120072,66511.0
2023-07-31,1123079,90910.0
2023-08-13,1114063,1373.0
2023-08-09,1113073,52121.0
2023-09-03,1106081,45639.0
2023-04-18,1116061,15607.0
2023-06-18,1120067,2742.0
2023-10-01,1125061,7763.0
2023-11-14,1121064,81986.0
2023-04-14,1119074,53560.0
2023-09-23,1121064,68478.0
2023-11-29,1115072,32174.0
2023-08-05,1121082,7485.0
2023-08-07,1111065,19903.0
2023-04-22,1124066,25980.0
2023-09-27,1117061,14898.0
2023-08-24,1125058,21680.0
2023-07-26,1121066,15334.0
2023-10-07,1101072,8425.0
2023-01-01,1102067,2109.0
2023-01-10,1109060,56634.0
2023-03-23,1115053,23092.0
2023-05-27,1103063,4498.0
2023-09-29,1110063,13400.0
2023-02-17,1101058,10336.0
2023-05-12,1112074,15951.0
2023-07-22,1119073,26558.0
2023-05-27,1121073,18485.0
2023-05-13,1113062,35778.0
2023-05-19,1116069,19004.0
2023-10-07,1108071,8795.0
2023-06-19,1103070,5965.0
2023-09-08,1116073,85502.0
2023-04-20,1109069,13837.0
2023-04-13,1116065,2241.0
2023-08-25,1111051,12725.0
2023-07-06,1106073,12859.0
2023-09-27,1120073,59406.0
2023-10-16,1119068,20390.0
2023-03-16,1111056,31067.0
2023-03-23,1103052,16865.0
2023-01-04,1115072,30496.0
2023-03-03,1115053,23455.0
2023-12-27,1122067,26517.0
2023-09-21,1112071,48475.0
2023-02-11,1112057,7696.0
2023-02-02,1120070,16875.0
2023-01-16,1122064,26788.0
2023-08-04,1122067,25406.0
2023-07-08,1120055,7804.0
2023-05-29,1114069,5004.0
2023-01-27,1104056,46891.0
2023-11-13,1103066,4095.0
2023-08-17,1105060,34503.0
2023-05-01,1108083,17411.0
2023-12-26,1106086,11341.0
2023-10-01,1124068,2027.0
2023-04-26,1117069,
2023-07-20,1114072,8396.0
2023-04-09,1109072,27661.0
2023-07-10,1108068,9997.0
2023-05-11,1108078,7247.0
2023-11-21,1110064,10922.0
2023-12-20,1121061,10220.0
2023-08-20,1105060,16764.0
2023-12-09,1113052,15255.0
2023-06-18,1120052,8548.0
2023-06-26,1123066,26480.0
2023-11-10,1116053,8809.0
2023-12-10,1116051,7566.0
2023-06-06,1123060,9805.0
2023-03-05,1116052,6860.0
2023-09-16,1118054,13561.0
2023-02-17,1111079,41133.0
2023-04-17,1101068,132.0
2023-05-15,1114066,187318.0
2023-01-06,1123066,26445.0
2023-03-30,1112074,16005.0
2023-04-17,1102072,2631.0
2023-01-11,1116069,17660.0
2023-10-08,1109075,6157.0
2023-06-06,1123076,9379.0
2023-11-02,1101073,20690.0
2023-03-30,1121062,38932.0
2023-01-28,1122066,42278.0
2023-10-11,1104068,49193.0
2023-08-31,1124057,11693.0
2023-01-29,1113074,4176.0
2023-09-20,1124069,45327.0
2023-02-26,1102067,2400.0
2023-05-20,1119055,23173.0
2023-08-13,1107068,2482.0
2023-09-25,1104072,5858.0
2023-02-11,1118055,9329.0
2023-07-12,1116065,2490.0
2023-03-12,1111064,4047.0
2023-05-17,1114068,6823.0
2023-12-05,1125059,3760.0
2023-06-24,1117069,17763.0
2023-12-27,1106087,20589.0
2023-08-05,1124065,6172.0
2023-11-10,1109060,61828.0
2023-09-06,1116067,29232.0
2023-01-20,1104055,14337.0
2023-09-16,1124082,10465.0
2023-12-13,1117067,15379.0
2023-10-05,1110051,9250.0
2023-08-22,1113071,6556.0
2023-07-26,1101054,4881.0
2023-01-06,1115062,5518.0
2023-01-08,1111056,11244.0
2023-10-13,1124063,30510.0
2023-08-14,1101056,8072.0
2023-12-22,1117064,11593.0
2023-06-27,1104062,17069.0
2023-09-26,1118060,8201.0
2023-04-15,1107061,2772.0
2023-09-18,1124061,19111.0
2023-02-13,1116070,20064.0
2023-02-09,1109072,43428.0
2023-07-01,1121066,12688.0
2023-06-16,1124081,31964.0
2023-12-14,1111061,6745.0
2023-12-11,1106073,12190.0
2023-09-14,1125070,12828.0
2023-03-16,1125067,4922.0
2023-02-12,1121066,8916.0
2023-06-16,1121063,85856.0
2023-06-08,1108061,16864.0
2023-12-27,1118059,3749.0
2023-08-06,1112071,27737.0
2023-11-10,1104069,3523.0
2023-05-21,1107054,7168.0
2023-09-22,1116069,19155.0
2023-09-14,1101069,5835.0
2023-12-25,1120052,9316.0
2023-05-28,1122065,5153.0
2023-12-31,1114076,17741.0
2023-04-11,1120054,21084.0
2023-09-02,1105057,12160.0
2023-02-07,1112072,10795.0
2023-01-27,1105059,49640.0
2023-09-04,1109064,10512.0
2023-05-18,1123065,19656.0
2023-07-13,1108064,6766.0
2023-11-15,1102052,96145.0
2023-01-03,1124065,9808.0
2023-05-02,1122053,81623.0
2023-08-01,1125065,16324.0
2023-06-27,1116055,9218.0
2023-10-16,1122057,22797.0
2023-07-04,1121069,22381.0
2023-06-09,1108059,5990.0
2023-03-02,1102052,83787.0
2023-10-12,1105055,4803.0
2023-02-14,1109074,15223.0
2023-08-11,1125055,3904.0
2023-03-01,1110055,11268.0
2023-02-20,1108065,17899.0
2023-02-02,1117054,103499.0
2023-03-26,1115065,1904.0
2023-12-11,1110063,33379.0
2023-04-02,1112051,19359.0
2023-02-13,1103065,15057.0
2023-09-20,1104068,50069.0
2023-01-20,1114077,49818.0
2023-07-31,1120072,58178.0
2023-08-13,1105056,3594.0
2023-07-01,1124051,2733.0
2023-02-14,1123064,160205.0
2023-05-07,1104069,1660.0
2023-02-01,1110063,33822.0
2023-07-30,1121081,6454.0
2023-07-28,1123075,43024.0
2023-08-18,1106072,31815.0
2023-03-02,1101061,184108.0
2023-06-07,1103064,3054.0
2023-10-18,1108062,13495.0
2023-02-12,1122052,49004.0
2023-03-02,1111066,55940.0
2023-12-06,1108072,28507.0
2023-09-28,1112068,4302.0
2023-08-24,1108064,7083.0
2023-09-01,1117055,7614.0
2023-10-30,1117071,28860.0
2023-01-28,1113064,6645.0
2023-04-10,1111072,17384.0
2023-01-21,1104073,7211.0
2023-03-25,1114068,6558.0
2023-12-27,1124066,38353.0
2023-11-30,1119054,165707.0
2023-08-30,1110062,13213.0
2023-08-09,1104072,5297.0
2023-11-05,1107071,15713.0
2023-02-22,1109073,7715.0
2023-06-13,1115062,5828.0
2023-02-25,1116069,13514.0
2023-10-23,1115052,30815.0
2023-07-09,1121061,5452.0
2023-05-24,1125071,21321.0
2023-03-30,1121081,11663.0
2023-12-14,1103074,40509.0
2023-07-17,1117069,29416.0
2023-07-03,1116073,81028.0
2023-03-24,1118061,13513.0
2023-07-22,1101060,1607.0
2023-04-26,1109075,
2023-11-01,1103071,9211.0
2023-05-28,1110053,4232.0
2023-05-08,1113052,19443.0
2023-12-01,1124061,20264.0
2023-09-28,1111077,5541.0
2023-06-20,1125061,14177.0
2023-11-08,1124068,5106.0
2023-01-27,1123068,4007.0
2023-08-30,1113052,19350.0
2023-05-05,1124066,19110.0
2023-07-10,1107069,26880.0
2023-01-29,1117055,4193.0
2023-06-10,1121057,13537.0
2023-11-04,1110061,4324.0
2023-03-03,1106084,10819.0
2023-08-31,1115062,5603.0
2023-06-26,1103063,5917.0
2023-04-24,1113065,6111.0
2023-10-02,1121083,10332.0
2023-12-12,1110056,4583.0
2023-03-16,1121066,15407.0
2023-12-06,1110059,49178.0
2023-01-12,1111064,6995.0
2023-04-06,1122064,33974.0
2023-05-13,1112059,14869.0
2023-10-10,1120073,56056.0
2023-04-05,1121071,6013.0
2023-04-15,1108076,7484.0
2023-08-17,1117061,13143.0
2023-09-01,1118051,96726.0
2023-01-23,1125073,5446.0
2023-02-04,1119062,10641.0
2023-01-10,1115052,30428.0
2023-03-29,1125056,5500.0
2023-07-26,1120053,53931.0
2023-01-13,1103058,13259.0
2023-10-02,1112073,6822.0
2023-06-16,1102059,55162.0
2023-08-26,1113070,9751.0
2023-03-11,1121066,12554.0
2023-01-07,1124055,7789.0
2023-12-30,1124061,15297.0
2023-02-16,1119065,6574.0
2023-08-27,1122059,11289.0
2023-03-20,1101055,13153.0
2023-11-23,1114068,6889.0
2023-02-10,1117052,4208.0
2023-08-15,1111077,7207.0
2023-10-09,1115062,3162.0
2023-07-13,1104070,46086.0
2023-09-29,1116053,2540.0
2023-12-03,1111077,7235.0
2023-02-26,1101053,47062.0
2023-08-09,1124065,10296.0
2023-01-07,1114078,19255.0
2023-03-24,1104069,3466.0
2023-10-18,1107068,5156.0
2023-12-16,1125067,3930.0
2023-05-24,1101070,7283.0
2023-02-26,1118053,5992.0
2023-10-08,1113066,4224.0
2023-07-31,1116064,48465.0
2023-08-03,1121063,72791.0
2023-01-17,1111074,6390.0
2023-12-12,1122051,66143.0
2023-07-01,1118052,18279.0
2023-05-11,1101055,13166.0
2023-04-29,1111072,11880.0
2023-02-14,1124079,28795.0
2023-12-19,1124057,12070.0
2023-10-14,1124061,16055.0
2023-07-22,1111072,11484.0
2023-09-19,1124060,23921.0
2023-11-25,1125056,3677.0
2023-03-10,1121078,15424.0
2023-06-27,1114066,190454.0
2023-04-05,1117062,10493.0
2023-01-30,1125056,4967.0
2023-02-02,1112073,11813.0
2023-09-23,1104070,33408.0
2023-10-12,1122060,97300.0
2023-07-16,1105055,3019.0
2023-10-06,1112055,45562.0
2023-04-14,1110064,11143.0
2023-06-14,1112052,21164.0
2023-08-30,1102058,12300.0
2023-01-02,1108063,10070.0
2023-06-21,1120056,7469.0
2023-08-12,1124067,13343.0
2023-01-06,1121082,9716.0
2023-01-12,1115065,3616.0
2023-10-16,1121083,16148.0
2023-02-05,1114060,21965.0
2023-04-10,1124068,4888.0
2023-10-04,1122051,60314.0
2023-05-14,1125055,2028.0
2023-02-24,1124079,29617.0
2023-06-21,1110063,34091.0
2023-10-12,1102060,70000.0
2023-02-14,1112051,33947.0
2023-03-11,1117070,5765.0
2023-08-18,1124067,22860.0
2023-02-21,1120068,45668.0
2023-06-10,1117065,3496.0
2023-12-01,1108072,28055.0
2023-05-28,1101054,2785.0
2023-05-19,1122054,14328.0
2023-08-13,1121080,47896.0
2023-06-14,1113075,91413.0
2023-08-03,1125056,5123.0
2023-01-27,1103058,13638.0
2023-12-26,1104071,8115.0
2023-09-08,1101073,20326.0
2023-09-19,1107061,3902.0
2023-07-12,1105063,20696.0
2023-12-02,1112066,13899.0
2023-10-15,1106087,10882.0
2023-08-09,1108076,9187.0
2023-10-13,1101064,59959.0
2023-05-08,1125071,20684.0
2023-04-07,1117065,4565.0
2023-05-16,1101053,98731.0
2023-02-24,1117071,28475.0
2023-09-30,1102065,2687.0
2023-05-05,1121057,9338.0
2023-09-02,1102054,121643.0
2023-06-09,1109063,16286.0
2023-01-14,1104058,3323.0
2023-08-05,1123074,8124.0
2023-07-09,1125074,10296.0
2023-05-11,1101061,202809.0
2023-09-19,1103066,4588.0
2023-04-24,1107062,26607.0
2023-05-01,1115072,21995.0
2023-05-18,1112074,15449.0
2023-07-20,1116061,15914.0
2023-10-02,1120052,9059.0
2023-04-08,1105058,3077.0
2023-06-15,1121058,18154.0
2023-05-06,1101064,38381.0
2023-01-18,1104069,3488.0
2023-06-18,1111073,2211.0
2023-02-10,1112071,45557.0
2023-08-01,1121071,5615.0
2023-05-23,1118051,96940.0
2023-04-10,1125051,12519.0
2023-03-04,1121066,12148.0
2023-04-03,1116054,37355.0
2023-08-06,1123059,10765.0
2023-07-03,1115052,30669.0
2023-10-21,1116064,34459.0
2023-02-14,1112057,9742.0
2023-02-12,1108083,11632.0
2023-02-12,1108064,2849.0
2023-11-18,1124052,4287.0
2023-10-17,11170740,
2023-12-17,1124056,3958.0
2023-03-23,1125051,12524.0
2023-09-11,1124082,15341.0
2023-04-07,1116074,37630.0
2023-07-29,1112056,13547.0
2023-01-12,1117072,33853.0
2023-06-25,1101053,44764.0
2023-08-05,1113052,12645.0
2023-02-04,1125056,3739.0
2023-02-17,1120073,57229.0
2023-08-22,1123076,18285.0
2023-02-01,1104068,51235.0
2023-12-24,1125054,8506.0
2023-11-30,1105065,7376.0
2023-09-04,1122068,11166.0
2023-02-15,1113068,20148.0
2023-01-24,1124077,60786.0
2023-01-15,1110053,4255.0
2023-03-20,1108068,10540.0
2023-09-14,1114073,34266.0
2023-04-23,1124053,6897.0
2023-10-24,1109072,43813.0
2023-01-22,1119067,1811.0
2023-01-11,1106090,9956.0
2023-02-27,1103053,38907.0
2023-06-19,1121080,90599.0
2023-04-18,1104067,6093.0
2023-09-22,1124069,45988.0
2023-03-06,1116070,20942.0
2023-08-26,1108077,11876.0
2023-02-22,1123077,73612.0
2023-12-30,1120056,5250.0
2023-10-11,1123076,18800.0
2023-01-11,1109069,12770.0
2023-07-15,1123059,17541.0
2023-06-14,1122054,13796.0
2023-02-28,1108066,41036.0
2023-05-31,1119071,5122.0
2023-02-04,1116059,4240.0
2023-10-22,1117065,2532.0
2023-09-24,1112057,5881.0
2023-09-06,1123071,7198.0
2023-04-09,1101071,26755.0
2023-12-19,1116058,4199.0
2023-09-16,1103064,3488.0
2023-02-06,1104067,5859.0
2023-11-27,1123051,12694.0
2023-03-25,1116058,3468.0
2023-08-07,1116065,2334.0
2023-07-21,1107052,7302.0
2023-10-01,1123072,7344.0
2023-09-16,1106090,7292.0
2023-05-29,1110062,7546.0
2023-07-01,1120054,15936.0
2023-01-28,1123066,13635.0
2023-06-22,1121058,17623.0
2023-04-08,1124055,8657.0
2023-06-13,1119076,37787.0
2023-02-09,1111064,7044.0
2023-03-11,1119069,12729.0
2023-07-07,1116073,85306.0
2023-01-01,1113069,5707.0
2023-07-10,1116074,37120.0
2023-04-12,1122068,11789.0
2023-04-15,1104057,10046.0
2023-04-10,1121057,16386.0
2023-07-27,1105054,9657.0
2023-09-08,1114071,7968.0
2023-09-29,1122058,4020.0
2023-10-22,1114071,5410.0
2023-07-08,1106072,21944.0
2023-09-06,1116051,14662.0
2023-06-09,1119068,21219.0
2023-04-03,1121080,95457.0
2023-12-09,1120052,12496.0
2023-06-01,1112059,19113.0
2023-08-26,1123079,74225.0
2023-08-23,1123064,153094.0
2023-07-03,1116069,18550.0
2023-02-22,1117055,7701.0
2023-10-21,1124055,8849.0
2023-02-19,1103066,3198.0
2023-03-17,1105059,58246.0
2023-01-18,1123076,17064.0
2023-03-19,1118052,12801.0
2023-05-18,1120072,65922.0
2023-03-08,1104071,8294.0
2023-05-14,1110057,6044.0
2023-08-06,1120055,5229.0
2023-01-27,1108060,19522.0
2023-03-10,1116066,2312.0
2023-08-07,1122054,13888.0
2023-05-19,1115071,16099.0
2023-04-12,1117068,27888.0
2023-09-07,1118060,8156.0
2023-01-08,1119066,2287.0
2023-12-05,1102058,16062.0
2023-09-24,1124082,7884.0
2023-09-02,1106084,7151.0
2023-06-04,1103072,5184.0
2023-02-26,1107055,2522.0
2023-03-13,1113065,5991.0
2023-04-25,1116064,52824.0
2023-11-18,1117061,9651.0
2023-01-25,1115054,8606.0
2023-10-04,1102065,6204.0
2023-09-26,1101067,10479.0
2023-11-18,1117055,5929.0
2023-05-18,1112068,9341.0
2023-01-16,1124062,2279.0
2023-02-11,1115057,3895.0
2023-03-13,1114068,6302.0
2023-03-09,1112058,35174.0
2023-10-15,1123073,1865.0
2023-12-15,1116065,2592.0
2023-11-30,1108063,11344.0
2023-05-06,1113075,61597.0
2023-09-12,1124057,11863.0
2023-06-07,1107062,27133.0
2023-10-15,1119055,16268.0
2023-05-23,1125071,21649.0
2023-04-16,1116053,4058.0
2023-06-12,1111053,14123.0
2023-09-05,1112051,37109.0
2023-05-20,1113073,34092.0
2023-05-21,1105060,17874.0
2023-12-05,1120070,17568.0
2023-12-14,1115066,30762.0
2023-05-09,1111058,12723.0
2023-10-14,1104057,10199.0
2023-06-26,1112072,11384.0
2023-02-10,1105058,3697.0
2023-12-05,1106082,33856.0
2023-07-18,1111073,4091.0
2023-03-20,1107059,7171.0
2023-09-06,1108071,12731.0
2023-09-28,1103071,3524.0
2023-09-29,1116064,12266.0
2023-05-02,1116064,53006.0
2023-04-01,1103070,5023.0
2023-07-10,1119073,26191.0
2023-04-01,1107062,20642.0
2023-01-02,1107059,6153.0
2023-11-23,1103053,46361.0
2023-06-29,1110063,31698.0
2023-05-27,1120072,47299.0
2023-02-23,1109071,33824.0
2023-12-10,1122061,3902.0
2023-07-19,1118052,29834.0
2023-10-10,1122064,33297.0
2023-06-11,1105067,11935.0
2023-01-03,1119069,17780.0
2023-04-06,1122056,3288.0
2023-07-14,1101053,87735.0
2023-10-15,1124078,22427.0
2023-12-20,1108068,11786.0
2023-05-12,1111079,47102.0
2023-06-09,1115058,7910.0
2023-09-16,1122064,18760.0
2023-03-13,1119071,4716.0
2023-10-08,1111073,2220.0
2023-03-20,1120066,13845.0
2023-04-25,1117071,30104.0
2023-04-17,1125071,20419.0
2023-07-16,1121062,19969.0
2023-04-27,1107072,31543.0
2023-05-29,1123065,9017.0
2023-05-17,1106088,17008.0
2023-02-11,1124075,15114.0
2023-05-27,1123077,46063.0
2023-09-11,1113052,19066.0
2023-06-02,1118061,13700.0
2023-05-06,1108081,9714.0
2023-10-28,1109069,9936.0
2023-02-04,1101057,1715.0
2023-03-03,1125070,13242.0
2023-05-12,1112059,19975.0
2023-05-13,1103064,4035.0
2023-07-02,1117068,12362.0
2023-02-19,1103064,1849.0
2023-12-03,1104057,7332.0
2023-03-11,1116072,6627.0
2023-11-25,1120072,53293.0
2023-07-26,1112072,11642.0
2023-09-04,1122052,117818.0
2023-11-19,1106084,5166.0
2023-07-05,1125063,4922.0
2023-12-15,1121068,32985.0
2023-04-19,1112068,9309.0
2023-01-20,1103058,12766.0
2023-04-30,1124082,8227.0
2023-06-23,1106082,33465.0
2023-09-21,1124071,19377.0
2023-08-09,1103057,6562.0
2023-06-29,1122055,14467.0
2023-04-14,1122057,23864.0
2023-05-30,1121066,15465.0
2023-12-25,1124077,135716.0
2023-05-26,1102070,4184.0
2023-10-18,1119055,38777.0
2023-04-29,1123058,43462.0
2023-11-21,1110065,26249.0
2023-04-13,1124069,45892.0
2023-06-07,1105058,3806.0
2023-04-15,1115052,21200.0
2023-01-13,1124063,28537.0
2023-02-14,1115054,9602.0
2023-08-25,1123066,27637.0
2023-08-13,1123076,8242.0
2023-04-29,1108081,10660.0
2023-08-29,1115064,6545.0
2023-05-28,1115071,8332.0
2023-07-02,1104057,7732.0
2023-02-19,1113066,4006.0
2023-03-13,1117052,4198.0
2023-02-27,1101055,7662.0
2023-09-29,1113052,7502.0
2023-11-26,1108072,13648.0
2023-12-14,1112073,12791.0
2023-12-06,1122051,64898.0
2023-10-29,1117071,16466.0
2023-10-27,1124055,12202.0
2023-12-07,1111079,41679.0
2023-09-12,1123073,3572.0
2023-12-17,1112051,17226.0
2023-10-21,1110061,4384.0
2023-08-15,1102065,4378.0
2023-04-07,1110057,9894.0
2023-07-10,1114072,8433.0
2023-08-20,1103063,6067.0
2023-07-06,1113065,6413.0
2023-11-24,1108059,5872.0
2023-07-08,1124079,24774.0
2023-04-20,1121073,30593.0
2023-01-10,1120067,4165.0
2023-12-15,1116059,5878.0
2023-07-14,1104056,47099.0
2023-09-08,1116071,42507.0
2023-05-29,1102065,4516.0
2023-06-26,1110064,10169.0
2023-01-11,1109071,33820.0
2023-03-04,1108081,11429.0
2023-10-23,1120052,14182.0
2023-08-17,1116061,16044.0
2023-05-17,1101058,11608.0
2023-02-03,1122053,84229.0
2023-09-01,1109063,16006.0
2023-10-24,1115060,6343.0
2023-09-04,1107071,32642.0
2023-03-09,1111073,4252.0
2023-12-22,1111069,27050.0
2023-01-05,1123067,31299.0
2023-10-31,1122067,28675.0
2023-06-01,1117065,4417.0
2023-06-17,1112068,6289.0
2023-10-02,1117054,46352.0
2023-03-01,1105054,6417.0
2023-03-16,1119070,5948.0
2023-09-07,1125054,17268.0
2023-10-18,1102073,10121.0
2023-05-07,1111056,12913.0
2023-06-17,1102052,58679.0
2023-03-26,1120071,14858.0
2023-06-15,1124061,19855.0
2023-07-22,1101067,8224.0
2023-04-29,1106086,8220.0
2023-10-21,1110063,28725.0
2023-01-02,1113074,6869.0
2023-02-20,1125074,18564.0
2023-12-20,1123065,20662.0
2023-01-03,1117062,9797.0
2023-09-25,1106084,11210.0
2023-10-06,1109069,14115.0
2023-02-02,1113068,21189.0
2023-07-12,1105061,24071.0
2023-01-01,1113075,40698.0
2023-11-27,1122065,10525.0
2023-08-26,1106091,6264.0
2023-03-24,1119071,4823.0
2023-02-24,1121064,88995.0
2023-10-12,1118055,11536.0
2023-07-12,1121068,32991.0
2023-03-20,1112055,44050.0
2023-10-08,1113075,58277.0
2023-12-16,1124061,16816.0
2023-08-15,1103074,24077.0
2023-12-06,1114066,184181.0
2023-06-09,1109070,29623.0
2023-04-13,1122055,15954.0
2023-06-01,1101055,13324.0
2023-01-19,1122053,81910.0
2023-08-26,1125052,17662.0
2023-03-13,1107068,5002.0
2023-11-30,1106087,21144.0
2023-07-06,1108082,62268.0
2023-02-03,1116053,8192.0
2023-06-25,1124069,16188.0
2023-10-06,1101060,2256.0
2023-02-09,1116071,38047.0
2023-02-25,1116073,61342.0
2023-09-18,1108066,41788.0
2023-05-08,1116051,14377.0
2023-05-26,1111059,27629.0
2023-05-22,1103070,5928.0
2023-05-23,1123077,74215.0
2023-11-15,1115051,64881.0
2023-11-24,1106071,9318.0
2023-07-19,1125054,17388.0
2023-03-23,1124054,3193.0
2023-03-12,1120073,27447.0
2023-03-05,1122051,19538.0
2023-07-20,1105053,65556.0
2023-03-24,1103065,20494.0
2023-04-02,1103063,5791.0
2023-09-15,1117054,103429.0
2023-07-19,1120052,14537.0
2023-10-19,1108061,16543.0
2023-11-04,1111064,5185.0
2023-09-30,1124056,3139.0
2023-08-10,1124077,85662.0
2023-02-01,1116063,8699.0
2023-02-07,1106091,7904.0
2023-01-03,1109064,9714.0
2023-01-29,1124075,9829.0
2023-02-04,1110053,5974.0
2023-10-26,1104067,6066.0
2023-06-03,1107061,2971.0
2023-06-28,1112057,10846.0
2023-10-14,1105061,18859.0
2023-03-31,1108061,17449.0
2023-05-10,1122061,8268.0
2023-05-20,1114069,7542.0
2023-02-02,1104069,3532.0
2023-11-17,1105053,70815.0
2023-01-24,1122062,6645.0
2023-11-27,1116072,8938.0
2023-07-14,1122057,22809.0
2023-10-18,1124054,3190.0
2023-09-15,1111052,13977.0
2023-05-09,1107057,6793.0
2023-03-01,1111051,7674.0
2023-07-24,1110054,6226.0
2023-12-31,1101073,13337.0
2023-01-27,1116069,17915.0
2023-01-12,1104073,17697.0
2023-02-24,1122062,25727.0
2023-07-09,1107069,11571.0
2023-10-14,1111066,43666.0
2023-12-13,1115061,4366.0
2023-01-28,1101067,7480.0
2023-04-30,1112055,28423.0
2023-09-18,1110064,11498.0
2023-09-15,1119056,63714.0
2023-07-15,1118055,9256.0
2023-01-27,1125066,62968.0
2023-02-14,1121052,12040.0
2023-08-07,1110053,8409.0
2023-05-29,1125061,8994.0
2023-04-29,1119055,20752.0
2023-05-22,1116067,28757.0
2023-01-25,1103058,11707.0
2023-02-07,1115061,4289.0
2023-07-27,1111077,13218.0
2023-04-07,1107072,31422.0
2023-09-20,1109060,60112.0
2023-07-24,1106071,7370.0
2023-09-17,1115066,16172.0
2023-10-22,1122051,22010.0
2023-08-08,1108081,14041.0
2023-12-19,1123067,33232.0
2023-12-06,1102057,39579.0
2023-06-25,1111058,7192.0
2023-04-27,1109071,35395.0
2023-10-10,1110054,6572.0
2023-02-23,1113069,13894.0
2023-02-01,1111073,3786.0
2023-11-03,1101058,11373.0
2023-02-12,1107055,2410.0
2023-10-17,1114060,50803.0
2023-11-01,1113062,44306.0
2023-07-30,1105053,42727.0
2023-01-27,1104062,15885.0
2023-07-18,1107060,39297.0
2023-05-30,1125052,29003.0
2023-05-16,1111073,4109.0
2023-03-23,1120054,21761.0
2023-11-23,1122059,14479.0
2023-01-19,1107061,3805.0
2023-06-10,1116069,13820.0
2023-04-27,1115066,31713.0
2023-10-15,1113070,7634.0
2023-01-28,1113076,23052.0
2023-07-24,1109071,33354.0
2023-12-12,1110061,5570.0
2023-07-04,1107057,6249.0
2023-05-20,1117056,20451.0
2023-09-05,1123073,3582.0
2023-05-02,1124055,12254.0
2023-10-16,1122051,63319.0
2023-08-15,1106084,5483.0
2023-12-30,1124068,3283.0
2023-05-07,1106073,7664.0
2023-06-22,1118060,8147.0
2023-03-03,1105054,9894.0
2023-06-01,1111077,13328.0
2023-07-05,1110059,48478.0
2023-06-07,1103074,42200.0
2023-07-05,1116057,5465.0
2023-05-24,1122068,11784.0
2023-02-03,1110059,49105.0
2023-06-26,1108081,14258.0
2023-04-30,1119067,2717.0
2023-09-18,1105062,40125.0
2023-01-23,1124065,3629.0
2023-10-12,1121079,10388.0
2023-01-08,1121073,13529.0
2023-05-23,1111066,54839.0
2023-01-02,1104067,5624.0
2023-10-30,1113065,5836.0
2023-03-18,1108071,8879.0
2023-08-19,1111065,17281.0
2023-03-30,1119074,50587.0
2023-12-17,1113070,6878.0
2023-01-03,1106073,10990.0
2023-08-22,1115060,6362.0
2023-11-24,1103052,18317.0
2023-07-30,1122051,19068.0
2023-07-21,1101070,6976.0
2023-02-25,1122067,16400.0
2023-07-05,1105057,18155.0
2023-03-14,1114068,6640.0
2023-08-26,1108058,10330.0
2023-06-19,1124071,18854.0
2023-07-07,1111074,8057.0
2023-02-04,1109074,14177.0
2023-02-26,1101071,27017.0
2023-09-10,1124053,6812.0
2023-10-04,1110064,10769.0
2023-06-21,1112066,20509.0
2023-04-14,1124059,23189.0
2023-05-29,1115057,3106.0
2023-04-13,1104065,14672.0
2023-10-31,1115064,6172.0
2023-01-08,1111060,4667.0
2023-08-19,1103063,5803.0
2023-12-21,1123052,77707.0
2023-07-04,1108058,14988.0
2023-03-12,1124060,10609.0
2023-09-02,1106080,11787.0
2023-09-12,1115058,7697.0
2023-05-27,1119062,9893.0
2023-06-24,1122055,12449.0
2023-01-11,1116067,26678.0
2023-08-13,1112056,10307.0
2023-07-09,1113073,16352.0
2023-01-01,1113076,15378.0
2023-09-12,1105057,17829.0
2023-04-20,1103073,95417.0
2023-07-02,1104062,8950.0
2023-07-25,1116057,5334.0
2023-12-26,1125074,18764.0
2023-11-23,1108064,13257.0
2023-09-27,1111079,43424.0
2023-03-31,1125073,11781.0
2023-09-29,1115059,1467.0
2023-02-15,1111065,21477.0
2023-02-17,1122062,25712.0
2023-09-06,1101058,11880.0
2023-08-27,1114074,22876.0
2023-10-25,1108081,16330.0
2023-03-04,1124065,7092.0
2023-08-13,1104055,7775.0
2023-01-25,1123053,60119.0
2023-11-25,1123072,11588.0
2023-11-30,1115057,4490.0
2023-10-18,1121082,10864.0
2023-12-04,1102060,66700.0
2023-02-22,1115065,3517.0
2023-07-14,1123073,3619.0
2023-07-07,1102060,69986.0
2023-07-01,1108063,8806.0
2023-03-06,1101056,9860.0
2023-07-25,1114075,8711.0
2023-09-22,1115060,6620.0
2023-09-24,1116052,7293.0
2023-03-23,1122060,95741.0
2023-01-22,1110051,3839.0
2023-07-02,1123051,8159.0
2023-07-10,1110052,10290.0
2023-02-03,1124082,15420.0
2023-09-06,1122052,118549.0
2023-09-07,1125065,18590.0
2023-11-13,1118057,25344.0
2023-11-04,1101058,8228.0
2023-04-28,1103064,3685.0
2023-01-09,1103073,89287.0
2023-04-21,1108085,35198.0
2023-12-13,1109073,7800.0
2023-06-25,1116054,20663.0
2023-05-15,1104059,11553.0
2023-04-19,1125066,62785.0
2023-09-02,1114077,35417.0
2023-03-03,1124068,5187.0
2023-04-26,1103069,
2023-07-13,1112066,20186.0
2023-07-27,1104068,50400.0
2023-09-16,1122067,18395.0
2023-05-06,1105064,4674.0
2023-05-22,1110064,11383.0
2023-02-10,1108084,19317.0
2023-01-06,1116066,2107.0
2023-04-29,1102060,36468.0
2023-07-21,1120052,14665.0
2023-01-20,1123078,20001.0
2023-05-29,1119062,9303.0
2023-03-16,1103063,6019.0
2023-01-20,1112058,32930.0
2023-04-18,1115058,7335.0
2023-01-14,1122051,31915.0
2023-03-21,1106086,11608.0
2023-04-26,1116059,
2023-05-01,1125065,11387.0
2023-01-29,1123059,10699.0
2023-04-08,1113070,10715.0
2023-06-11,1120068,24247.0
2023-01-05,1124055,10825.0
2023-12-17,1122053,42371.0
2023-07-15,1104066,17249.0
2023-09-08,1121052,12746.0
2023-09-03,1110062,7323.0
2023-07-28,1119071,4866.0
2023-03-22,1112051,36520.0
2023-06-21,1124082,15913.0
2023-09-20,1101053,94611.0
2023-02-25,1118055,9416.0
2023-01-31,1104071,7942.0
2023-03-03,1114066,197044.0
2023-03-19,1111073,2225.0
2023-06-13,1121062,37105.0
2023-03-31,1124067,23543.0
2023-11-30,1117055,7369.0
2023-10-24,1114070,4933.0
2023-06-16,1125056,5714.0
2023-01-04,1102065,5919.0
2023-12-01,1111065,21678.0
2023-09-24,1105067,17075.0
2023-02-25,1112060,4829.0
2023-05-27,1117067,9831.0
2023-08-28,1125065,17487.0
2023-08-20,1117052,1982.0
2023-02-19,1118060,4836.0
2023-06-22,1115061,4810.0
2023-10-01,1116067,12363.0
2023-05-17,1110057,9889.0
2023-11-14,1106084,10628.0
2023-05-06,1103070,4031.0
2023-04-26,1117070,
2023-10-28,11250550,7689.0
2023-06-26,1123068,4814.0
2023-11-08,1111053,14047.0
2023-11-19,1102058,17320.0
2023-10-27,1114059,22878.0
2023-01-24,1115051,24611.0
2023-05-30,1110064,11560.0
2023-02-11,1109075,7638.0
2023-01-04,1110052,9669.0
2023-05-13,1115051,52518.0
2023-04-05,1104069,3606.0
2023-06-02,1117067,16361.0
2023-08-08,1124081,28767.0
2023-11-16,1118052,27676.0
2023-02-18,1118052,17491.0
2023-10-25,1104069,3326.0
2023-11-13,1116058,4137.0
2023-10-19,1124081,30658.0
2023-08-24,1105054,9870.0
2023-05-17,1110053,8585.0
2023-10-07,1120065,4988.0
2023-02-09,1113066,7324.0
2023-07-13,1113071,6434.0
2023-03-09,1116054,37671.0
2023-07-19,1105066,7334.0
2023-12-22,1118055,12357.0
2023-07-28,1101071,22697.0
2023-07-24,1104070,45711.0
2023-01-09,1119061,13645.0
2023-06-11,1118052,11584.0
2023-10-23,1109073,7594.0
2023-07-05,1101060,2530.0
2023-06-15,1102065,6415.0
2023-01-21,1111078,10270.0
2023-01-12,1102058,12220.0
2023-03-28,1120052,14255.0
2023-03-24,1112055,46321.0
2023-12-21,1102071,24333.0
2023-03-16,1121065,2715.0
2023-11-21,1105053,64348.0
2023-11-21,1116065,2297.0
2023-09-13,1109060,60760.0
2023-07-18,1109064,10313.0
2023-09-05,1107064,8407.0
2023-06-20,1114061,4077.0
2023-01-08,1116054,18436.0
2023-11-03,1106089,16436.0
2023-10-23,1125074,18784.0
2023-02-05,1120056,4109.0
2023-02-22,1115058,7145.0
2023-06-19,1105065,7381.0
2023-05-27,1116065,1368.0
2023-09-30,1123058,22339.0
2023-05-29,1108068,8062.0
2023-01-10,1125063,4649.0
2023-04-20,1121082,10511.0
2023-05-20,1105056,5293.0
2023-11-13,1122062,25840.0
2023-08-17,1115053,22842.0
2023-05-21,1124051,1966.0
2023-01-11,1124075,25424.0
2023-11-03,1124060,23522.0
2023-05-27,1117071,21607.0
2023-09-01,1103052,19168.0
2023-02-23,1103052,16006.0
2023-03-31,1107061,4012.0
2023-07-23,1111078,11652.0
2023-06-18,1110061,3242.0
2023-02-20,1115071,16057.0
2023-01-02,1113066,6716.0
2023-07-25,1119062,20201.0
2023-03-13,1124058,12492.0
2023-10-07,1116064,35925.0
2023-06-28,1125056,5903.0
2023-05-13,1101068,176.0
2023-11-07,1120056,7344.0
2023-09-13,1124061,19583.0
2023-12-29,1114060,44073.0
2023-06-28,1122058,12287.0
2023-02-14,1119076,38310.0
2023-12-11,1104073,17084.0
2023-06-19,1121063,73801.0
2023-04-25,1119075,5337.0
2023-04-02,1112068,4506.0
2023-02-17,1101056,8838.0
2023-10-28,1124079,23213.0
2023-08-24,1123075,43393.0
2023-12-08,1120056,7473.0
2023-02-21,1120053,52218.0
2023-01-05,1120063,8837.0
2023-05-31,1111069,26820.0
2023-01-29,1123067,13695.0
2023-10-21,1103071,6218.0
2023-02-13,1114078,30446.0
2023-01-12,1110055,16444.0
2023-05-28,1107065,7702.0
2023-06-15,1102068,5110.0
2023-09-25,1111059,26729.0
2023-01-07,1116058,3414.0
2023-02-07,1113069,13601.0
2023-11-02,1124079,29013.0
2023-03-12,1119054,57559.0
2023-12-09,1106071,4972.0
2023-04-16,1125058,10437.0
2023-10-06,1117055,7450.0
2023-11-27,1108071,11530.0
2023-09-29,1113075,29501.0
2023-08-01,1113062,39724.0
2023-09-19,1113074,8524.0
2023-07-20,1123073,3761.0
2023-09-10,1125054,7497.0
2023-12-11,1112074,14885.0
2023-01-29,1106090,4924.0
2023-02-20,1112055,41604.0
2023-05-07,1112071,29624.0
2023-06-02,1111053,14226.0
2023-04-05,1123052,73451.0
2023-04-08,1101064,46584.0
2023-07-28,1115072,31011.0
2023-06-01,1120053,66907.0
2023-05-13,1121057,14339.0
2023-07-15,1124057,8501.0
2023-07-27,1109061,9602.0
2023-09-14,1111077,13632.0
2023-06-02,1122051,65482.0
2023-06-27,1110056,4847.0
2023-09-15,1124071,20521.0
2023-05-21,1123059,12935.0
2023-02-15,1108060,20826.0
2023-11-09,1122068,11362.0
2023-12-10,1118057,14383.0
2023-11-19,1106071,4411.0
2023-03-01,1108068,8089.0
2023-07-13,1104056,44421.0
2023-09-22,1101057,2822.0
2023-08-11,1101063,62096.0
2023-10-19,1114059,22257.0
2023-06-15,1107060,41027.0
2023-02-04,1105057,11834.0
2023-03-26,1109062,5228.0
2023-01-03,1111053,11910.0
2023-07-21,1106090,10259.0
2023-08-25,1109075,10364.0
2023-06-08,1112066,21537.0
2023-02-02,1120066,13145.0
2023-08-17,1105058,3794.0
2023-08-27,1121073,17397.0
2023-12-08,1105062,42474.0
2023-04-07,1107070,11948.0
2023-09-08,1122063,11216.0
2023-11-25,1112052,15825.0
2023-09-03,1113071,3313.0
2023-11-21,1116055,9115.0
2023-12-08,1109062,7985.0
2023-04-27,1123071,6967.0
2023-09-02,1109074,14839.0
2023-02-19,1124075,10280.0
2023-09-25,1107064,8385.0
2023-02-13,1125056,4969.0
2023-09-23,1107055,3935.0
2023-11-08,1110065,26357.0
2023-06-28,1112066,21094.0
2023-02-16,1113073,52166.0
2023-05-29,1110060,5207.0
2023-02-11,1119061,8065.0
2023-12-11,1119073,26124.0
2023-06-20,1124068,5075.0
2023-01-31,1121057,15695.0
2023-11-27,1119070,5840.0
2023-04-06,1115066,31103.0
2023-04-30,1121071,3517.0
2023-11-04,1124078,22794.0
2023-12-31,1104071,4476.0
2023-08-28,1101068,125.0
2023-02-11,1108059,4250.0
2023-03-07,1106087,20108.0
2023-02-16,1123066,26709.0
2023-11-12,1101072,6018.0
2023-12-26,1121054,4219.0
2023-04-30,1114076,18608.0
2023-10-28,1120070,11330.0
2023-06-02,1112055,45372.0
2023-06-17,1125052,18260.0
2023-03-04,1119066,3214.0
2023-01-09,1104054,12445.0
2023-09-26,1107069,27814.0
2023-04-01,1101061,168703.0
2023-04-06,1121073,32672.0
2023-09-20,1113070,15754.0
2023-07-04,1122065,11326.0
2023-12-28,1102057,38896.0
2023-06-03,1113052,17241.0
2023-01-12,1110053,7936.0
2023-06-26,1103073,93372.0
2023-03-18,1108065,15780.0
2023-11-18,1125074,14690.0
2023-08-08,1104052,19162.0
2023-05-28,1123066,9089.0
2023-04-12,1115065,3453.0
2023-07-19,1121057,17315.0
2023-11-11,1112055,36109.0
2023-03-26,1109064,6637.0
2023-10-14,1122060,109379.0
2023-12-27,1117061,13001.0
2023-04-07,1101068,134.0
2023-05-07,1118057,15045.0
2023-10-10,1104070,48660.0
2023-07-24,1113064,9464.0
2023-01-23,1120066,4675.0
2023-05-20,1104071,6683.0
2023-08-28,1111059,24681.0
2023-05-09,1109075,9805.0
2023-06-08,1117055,7730.0
2023-02-23,1101063,74443.0
2023-02-14,1119054,163411.0
2023-10-02,1110059,28925.0
2023-08-30,1122054,13425.0
2023-06-06,1119065,4227.0
2023-02-10,1117071,28421.0
2023-12-02,1108072,17595.0
2023-02-09,1119071,4633.0
2023-11-04,1122063,7875.0
2023-11-05,1101063,37460.0
2023-11-15,1124052,7646.0
2023-06-30,1119075,5729.0
2023-03-23,1104067,6080.0
2023-03-05,1109063,9022.0
2023-07-31,1123053,60120.0
2023-08-29,1116058,4223.0
2023-07-12,1121062,37502.0
2023-01-02,1117055,7034.0
2023-08-10,1107073,16599.0
2023-02-21,1123052,80472.0
2023-03-16,1110056,4623.0
2023-09-17,1108068,7666.0
2023-07-28,1106072,29405.0
2023-06-28,1113066,8028.0
2023-12-24,1124064,5663.0
2023-05-22,1106071,9527.0
2023-11-01,1124078,19270.0
2023-09-19,1123051,14079.0
2023-07-15,1124060,14759.0
2023-09-14,1124065,10870.0
2023-08-02,1111051,11373.0
2023-02-11,1121062,29428.0
2023-12-06,1108058,16265.0
2023-07-18,1121069,22394.0
2023-08-06,1121082,5541.0
2023-01-31,1125063,4581.0
2023-02-09,1111079,38575.0
2023-01-22,1116065,750.0
2023-02-14,1106083,51547.0
2023-07-12,1106071,8082.0
2023-07-15,1121065,2278.0
2023-01-27,1122059,13777.0
2023-07-26,1109070,27586.0
2023-09-11,1110054,6515.0
2023-04-01,1112060,5216.0
2023-05-08,1119074,49182.0
2023-01-04,1103057,6100.0
2023-03-26,1117067,8569.0
2023-11-22,1117070,7563.0
2023-01-10,1118052,28434.0
2023-09-03,1116066,1259.0
2023-11-28,1122053,80681.0
2023-01-07,1114076,19095.0
2023-11-20,1113065,5906.0
2023-04-16,1102054,87774.0
2023-01-18,1124078,17130.0
2023-11-06,1111060,8924.0
2023-09-21,1121063,81717.0
2023-08-05,1107054,8127.0
2023-06-01,1101070,7080.0
2023-03-12,1103059,1639.0
2023-10-02,1114072,4433.0
2023-09-02,1116063,6911.0
2023-04-06,1106087,21211.0
2023-08-24,1111073,4221.0
2023-04-20,1108062,13880.0
2023-03-05,1112073,6728.0
2023-02-15,1103069,8459.0
2023-02-21,1101063,71559.0
2023-10-24,1115066,30692.0
2023-04-30,1105059,32257.0
2023-09-07,1102057,41687.0
2023-02-08,1108085,32317.0
2023-03-07,1107072,31645.0
2023-01-12,1105066,6724.0
2023-11-16,1122055,14879.0
2023-06-02,1104069,3488.0
2023-07-09,1124051,1821.0
2023-02-26,1125066,37553.0
2023-12-21,1123051,12712.0
2023-07-06,1105062,39423.0
2023-10-05,1103051,6112.0
2023-02-17,1108078,6472.0
2023-07-30,1118059,1831.0
2023-07-03,1124068,5295.0
2023-02-27,1114066,187536.0
2023-07-23,1123051,7031.0
2023-03-14,1106080,13273.0
2023-08-02,1104059,10165.0
2023-04-10,1101058,11473.0
2023-07-30,1122064,11066.0
2023-05-15,1113062,45586.0
2023-11-12,1123063,25019.0
2023-07-23,1101071,12944.0
2023-05-26,1125052,29316.0
2023-03-23,1107070,11311.0
2023-07-31,1122067,25416.0
2023-09-07,1107054,12308.0
2023-08-24,1125054,16403.0
2023-01-05,1121057,15879.0
2023-07-18,1107054,11802.0
2023-07-17,1108060,21192.0
2023-06-27,1121062,37470.0
2023-03-11,1103069,7772.0
2023-01-22,1111072,5852.0
2023-10-03,1109071,20751.0
2023-05-26,1111056,30999.0
2023-07-26,1120054,21810.0
2023-03-17,1101068,118.0
2023-08-07,1121071,5805.0
2023-12-13,1110056,4781.0
2023-05-22,1113074,7858.0
2023-05-27,1123063,33554.0
2023-10-26,1121080,93795.0
2023-09-20,1108076,9504.0
2023-11-08,1123051,13507.0
2023-05-27,1115052,19422.0
2023-08-28,1121063,70657.0
2023-10-18,1115054,9820.0
2023-10-25,1104052,20845.0
2023-09-02,1101057,1746.0
2023-03-22,1109060,60955.0
2023-07-15,1121066,11194.0
2023-04-08,1108078,5004.0
2023-04-13,1117071,29480.0
2023-09-07,1104073,18651.0
2023-11-04,1104070,32592.0
2023-10-02,1118058,4146.0
2023-08-04,1121057,16052.0
2023-07-27,1118059,3940.0
2023-02-27,1120073,52445.0
2023-07-25,1125053,16465.0
2023-09-14,1117052,4164.0
2023-10-02,1122054,8450.0
2023-06-11,1110060,4649.0
2023-11-01,1114074,62368.0
2023-11-25,1123065,11226.0
2023-05-15,1101061,192989.0
2023-08-10,1116073,67405.0
2023-05-19,1104069,3492.0
2023-12-20,1109070,28550.0
2023-11-29,1120070,17584.0
2023-09-04,1125051,12789.0
2023-01-18,1102073,9483.0
2023-07-06,1124051,4239.0
2023-09-22,1114076,31288.0
2023-01-15,1122059,8925.0
2023-03-05,1104067,3699.0
2023-09-14,1124077,111237.0
2023-11-22,1103074,40197.0
2023-09-02,1120067,3343.0
2023-08-02,1124068,4881.0
2023-02-19,1118051,30029.0
2023-10-30,1108076,9289.0
2023-01-20,1113052,17908.0
2023-06-13,1116055,9143.0
2023-07-09,1106071,3301.0
2023-08-24,1102058,13908.0
2023-01-12,1107057,5807.0
2023-08-04,1109070,25505.0
2023-05-02,1105064,6515.0
2023-01-07,1115071,11346.0
2023-02-21,1122061,8011.0
2023-09-17,1115053,12100.0
2023-07-24,1119075,5376.0
2023-03-31,1102057,41380.0
2023-10-21,1112051,26095.0
2023-03-15,1112052,21388.0
2023-02-16,1108084,18761.0
2023-10-17,1108058,16467.0
2023-11-27,1101069,5650.0
2023-02-11,1120071,17128.0
2023-11-16,1111060,8737.0
2023-07-06,1110065,25777.0
2023-10-10,1116065,2348.0
2023-10-03,1116067,13775.0
2023-11-13,1118052,27776.0
2023-08-18,1124075,26102.0
2023-01-09,1102054,131864.0
2023-11-14,1109065,21763.0
2023-01-06,1121083,16055.0
2023-08-17,1107073,22267.0
2023-01-05,1125056,5065.0
2023-10-09,1108082,39947.0
2023-10-18,1122068,11503.0
2023-12-19,1119065,6818.0
2023-10-03,1124078,15649.0
2023-12-09,1124054,2485.0
2023-05-03,1108085,36376.0
2023-10-30,1112058,35690.0
2023-01-22,1109075,4909.0
2023-12-31,1105065,4055.0
2023-01-23,1102069,11092.0
2023-02-09,1112051,34029.0
2023-10-02,1111078,14875.0
2023-10-16,1111051,13959.0
2023-02-08,1108059,5741.0
2023-02-26,1113072,6431.0
2023-05-07,1112058,22212.0
2023-10-18,1109062,7746.0
2023-02-13,1121066,14334.0
2023-10-18,1112059,18811.0
2023-08-14,1114077,45980.0
2023-02-08,1125071,20759.0
2023-06-01,1123066,27397.0
2023-01-21,1115059,1543.0
2023-07-02,1114068,5118.0
2023-12-07,1122063,10727.0
2023-09-13,1103072,10310.0
2023-12-09,1122057,17654.0
2023-07-10,1125055,4125.0
2023-01-25,1113075,69614.0
2023-01-28,1107052,4847.0
2023-05-11,1111073,4124.0
2023-05-10,1113070,16017.0
2023-11-14,1104065,13680.0
2023-10-20,1112065,30760.0
2023-01-11,1120073,54173.0
2023-11-15,1116053,8910.0
2023-03-08,1105065,7484.0
2023-05-19,1106072,35832.0
2023-04-13,1108078,7262.0
2023-11-10,1104055,24112.0
2023-09-27,1110064,11256.0
2023-01-23,1125053,5997.0
2023-09-13,1123074,15829.0
2023-11-14,1116053,8331.0
2023-08-06,1119063,10456.0
2023-04-30,1116067,14276.0
2023-11-04,1108064,5634.0
2023-08-19,1109070,21556.0
2023-05-12,1115053,24272.0
2023-06-25,1108065,12130.0
2023-12-05,1102057,40433.0
2023-06-13,1103051,6115.0
2023-01-22,1114061,943.0
2023-03-08,1114068,6602.0
2023-07-16,1102059,32029.0
2023-06-07,1120052,14357.0
2023-05-04,1124082,16273.0
2023-07-01,1124075,15927.0
2023-11-29,1113071,6467.0
2023-11-17,1106086,11869.0
2023-11-02,1120066,13967.0
2023-07-17,1116064,52264.0
2023-10-21,1123075,34336.0
2023-06-06,1125056,2970.0
2023-02-15,1124065,9851.0
2023-05-21,1124057,7876.0
2023-08-31,1123052,77021.0
2023-07-04,1119054,164829.0
2023-05-20,1116053,5865.0
2023-07-27,1120067,4356.0
2023-02-09,1109074,14986.0
2023-08-17,1118057,26448.0
2023-05-17,1105061,24876.0
2023-08-20,1124078,14181.0
2023-04-10,1122065,10775.0
2023-12-16,1124063,23554.0
2023-08-24,1115058,7596.0
2023-02-08,1116069,17906.0
2023-04-28,1110062,13186.0
2023-03-22,1116053,8543.0
2023-05-01,1105053,59508.0
2023-10-25,1103070,5924.0
2023-08-14,1116072,8253.0
2023-07-27,1113075,87286.0
2023-04-26,1121069,
2023-04-12,1122057,23629.0
2023-10-11,1110061,5584.0
2023-08-09,1102071,23082.0
2023-01-21,1104067,2758.0
2023-11-08,1122068,11556.0
2023-04-25,1119056,61810.0
2023-10-16,1114068,6410.0
2023-11-16,1102073,9842.0
2023-03-23,1102059,51822.0
2023-01-09,1110054,5918.0
2023-10-27,1117070,7474.0
2023-08-24,1116059,5715.0
2023-02-15,1107054,11776.0
2023-08-18,1108058,14618.0
2023-08-10,1121078,12714.0
2023-05-15,1111051,14992.0
2023-08-28,1111074,7105.0
2023-05-24,1123065,19391.0
2023-07-18,1124059,20439.0
2023-07-04,1113072,12108.0
2023-05-06,1125071,8471.0
2023-10-25,1121071,6234.0
2023-05-20,1111064,6176.0
2023-06-14,1116072,9210.0
2023-08-06,1111064,3890.0
2023-02-19,1104052,9845.0
2023-07-27,1120071,27001.0
2023-02-10,1121078,14621.0
2023-11-23,1111065,21432.0
2023-03-01,1103064,1968.0
2023-01-09,1104069,3283.0
2023-05-10,1116055,9236.0
2023-06-14,1117054,102960.0
2023-05-11,1112073,12896.0
2023-12-10,1123075,25121.0
2023-03-21,1114059,22771.0
2023-07-22,1104052,14005.0
2023-03-19,1107054,6610.0
2023-01-02,1107068,4477.0
2023-02-27,1125059,3546.0
2023-06-26,1117054,99306.0
2023-05-24,1111078,27658.0
2023-01-02,1108068,9678.0
2023-05-29,1107057,4321.0
2023-04-29,1101071,19427.0
2023-12-16,1108060,21212.0
2023-11-10,1125065,17995.0
2023-06-15,1118053,10439.0
2023-12-31,1124069,15298.0
2023-05-30,1107059,7493.0
2023-02-24,1116058,4692.0
2023-10-05,1123079,96823.0
2023-08-22,1121052,11975.0
2023-03-06,1121052,11674.0
2023-01-09,1108083,17118.0
2023-02-09,1107055,4929.0
2023-06-22,1109069,13765.0
2023-10-21,1108077,12511.0
2023-08-14,1105059,43034.0
2023-11-06,1112055,41460.0
2023-12-31,1111061,4146.0
2023-03-07,1123079,91638.0
2023-01-12,1107070,10988.0
2023-11-08,1101054,4856.0
2023-02-07,1112073,11777.0
2023-09-28,1104072,2848.0
2023-05-27,1113070,8629.0
2023-12-20,11170730,23661.0
2023-10-28,1108061,12434.0
2023-02-22,1109063,14418.0
2023-12-20,1114071,8010.0
2023-03-06,1123052,76440.0
2023-05-22,1120066,13983.0
2023-05-24,1105060,35620.0
2023-06-29,1106082,27706.0
2023-12-12,1115069,6121.0
2023-06-14,1117061,15941.0
2023-01-05,1116067,26549.0
2023-11-06,1123079,90038.0
2023-05-19,1110056,5138.0
2023-08-19,1108066,28045.0
2023-01-04,1119061,13893.0
2023-03-26,1123074,6992.0
2023-02-13,1110061,5140.0
2023-12-15,1115057,4845.0
2023-10-21,1124071,15030.0
2023-11-05,1111060,5222.0
2023-11-19,1117072,19368.0
2023-12-27,1114073,33027.0
2023-10-26,1101067,10625.0
2023-06-23,1113072,12397.0
2023-03-08,1121082,10764.0
2023-03-19,1112051,18782.0
2023-03-18,1123052,58872.0
2023-01-31,1123074,14402.0
2023-12-18,1103057,6192.0
2023-09-05,1101054,4419.0
2023-03-07,1115058,7453.0
2023-12-26,1118053,9964.0
2023-08-01,1117062,10232.0
2023-01-29,1122053,42642.0
2023-03-24,1108076,10060.0
2023-04-06,1108065,21890.0
2023-10-06,1112068,10951.0
2023-12-29,1118057,25941.0
2023-03-04,1107057,4619.0
2023-12-19,11170730,23098.0
2023-04-23,1121078,8691.0
2023-07-13,1111060,8919.0
2023-12-07,1122052,117732.0
2023-11-20,1117070,7615.0
2023-10-22,1118054,10374.0
2023-05-28,1101073,12042.0
2023-09-25,1112055,44494.0
2023-10-01,1106089,6996.0
2023-06-23,1121057,17504.0
2023-08-30,1101070,6892.0
2023-02-27,1114073,31737.0
2023-06-21,1121080,90606.0
2023-09-24,1120052,9534.0
2023-05-14,1109073,4562.0
2023-03-15,1104062,16337.0
2023-04-24,1117062,10291.0
2023-03-01,1105059,30925.0
2023-05-01,1103072,6673.0
2023-08-10,1124059,23323.0
2023-03-14,1124055,12583.0
2023-03-04,1119073,27592.0
2023-03-17,1123072,21296.0
2023-01-20,1102073,8814.0
2023-02-28,1119055,38362.0
2023-05-31,1124056,6797.0
2023-05-22,1111059,27400.0
2023-11-30,1121066,15704.0
2023-09-15,1111064,7146.0
2023-01-23,1121072,12070.0
2023-06-01,1121065,2792.0
2023-03-05,1105062,27765.0
2023-07-20,1114059,23182.0
2023-12-04,1124082,15154.0
2023-09-03,1106084,5116.0
2023-01-14,1121082,7265.0
2023-08-17,1119056,60277.0
2023-05-25,1105056,6401.0
2023-12-26,1122062,24680.0
2023-05-22,1114066,183662.0
2023-03-16,1101053,96057.0
2023-12-08,1103069,8709.0
2023-01-24,1103071,2479.0
2023-10-29,1107061,2262.0
2023-01-23,1103073,58012.0
2023-10-08,1105064,4023.0
2023-11-04,1122054,10632.0
2023-08-29,1112072,11494.0
2023-08-10,1117069,22683.0
2023-03-19,1104073,10007.0
2023-07-14,1105053,62048.0
2023-10-07,1106086,8719.0
2023-02-18,1101057,1595.0
2023-08-16,1108081,15531.0
2023-06-26,1104065,12751.0
2023-12-14,1111065,21876.0
2023-05-07,1103063,4889.0
2023-09-18,1110061,5484.0
2023-12-09,1108077,12268.0
2023-07-18,1118059,3943.0
2023-10-28,1117070,5903.0
2023-05-23,1103070,5962.0
2023-01-23,1111051,5322.0
2023-12-02,1115060,4490.0
2023-11-05,11250760,0.0
2023-08-28,1117064,11303.0
2023-11-15,1110063,36675.0
2023-11-05,1119067,2433.0
2023-07-01,1122056,2655.0
2023-12-01,1102069,31800.0
2023-09-26,1108076,9800.0
2023-08-23,1108059,5676.0
2023-07-22,1108078,4775.0
2023-11-08,1101058,11752.0
2023-04-26,1104059,
2023-08-04,1122065,10669.0
2023-08-26,1116055,7081.0
2023-08-17,1115069,6382.0
2023-03-01,1121083,10390.0
2023-08-16,1111058,12491.0
2023-10-12,1124080,19037.0
2023-10-29,1111064,4127.0
2023-08-27,1121062,21533.0
2023-03-01,1105061,18449.0
2023-04-27,1104056,48539.0
2023-03-25,1111077,9834.0
2023-09-16,1122057,18075.0
2023-08-07,1109060,54718.0
2023-05-15,1123068,4974.0
2023-12-07,1124052,7687.0
2023-12-14,1108068,11403.0
2023-09-21,1101068,128.0
2023-10-19,1104066,29520.0
2023-07-06,1110053,8743.0
2023-09-23,1115071,12838.0
2023-09-02,1108078,4808.0
2023-08-18,1104058,5674.0
2023-09-29,1124063,8877.0
2023-08-25,1110064,11418.0
2023-01-29,1107060,23026.0
2023-01-21,1122068,3709.0
2023-09-10,1107060,23925.0
2023-12-01,1104070,49984.0
2023-07-18,1111053,12864.0
2023-01-15,1106081,42165.0
2023-01-07,1111064,5122.0
2023-01-18,1125065,18128.0
2023-08-20,1116053,4080.0
2023-12-13,1122060,96787.0
2023-10-25,1103074,43129.0
2023-12-16,1108063,8655.0
2023-08-20,1115061,2294.0
2023-07-24,1104073,17300.0
2023-07-12,1105067,15552.0
2023-10-28,1124052,4763.0
2023-01-16,1113074,7311.0
2023-08-02,1111078,23407.0
2023-05-10,1116065,2274.0
2023-06-21,1104067,6130.0
2023-02-07,1115054,9630.0
2023-03-09,1117067,15570.0
2023-09-12,1122055,16368.0
2023-01-17,1105063,19178.0
2023-07-15,1107059,4768.0
2023-05-31,1112051,37526.0
2023-01-04,1109063,13462.0
2023-08-29,1108062,12047.0
2023-10-17,1111052,14731.0
2023-03-24,1109060,62658.0
2023-08-27,1108063,6959.0
2023-07-09,1124075,10101.0
2023-08-20,1101055,5357.0
2023-08-26,1101054,4259.0
2023-08-14,1112066,18062.0
2023-05-09,1107052,7153.0
2023-12-30,1111061,6261.0
2023-09-09,1122051,34436.0
2023-07-04,1106088,16719.0
2023-02-28,1111059,25725.0
2023-11-18,1120053,45213.0
2023-07-23,1121072,14951.0
2023-08-30,1109065,22081.0
2023-04-29,1114077,30649.0
2023-02-12,1115054,5449.0
2023-08-12,1108063,7941.0
2023-11-16,1125071,20715.0
2023-08-14,1112051,31441.0
2023-11-10,1105061,24399.0
2023-12-08,1121058,17232.0
2023-05-11,1103053,47540.0
2023-11-19,1108076,5603.0
2023-07-12,1111073,4139.0
2023-05-12,1121080,102278.0
2023-07-09,1103070,3422.0
2023-06-24,1122068,8191.0
2023-09-07,1108066,42982.0
2023-06-24,1113070,10139.0
2023-03-10,1124068,5056.0
2023-07-25,1105064,6722.0
2023-01-29,1104057,6810.0
2023-03-02,1101069,5806.0
2023-03-01,1106089,9191.0
2023-08-27,1111060,5456.0
2023-05-08,1104073,18250.0
2023-08-20,1112068,4286.0
2023-02-24,1123052,84323.0
2023-10-19,1108077,17499.0
2023-01-25,1117070,6550.0
2023-08-19,1118059,2688.0
2023-12-13,1119062,20729.0
2023-08-27,1101053,44450.0
2023-03-14,1117054,104283.0
2023-09-25,1118054,16622.0
2023-09-17,1103072,5410.0
2023-04-10,1121078,14963.0
2023-07-22,1122057,16211.0
2023-09-01,1117056,26355.0
2023-10-01,1103073,75088.0
2023-08-09,1114059,21947.0
2023-03-31,1107065,15441.0
2023-04-08,1122057,17234.0
2023-02-22,1112065,28790.0
2023-11-20,1111058,12055.0
2023-09-25,1124068,5335.0
2023-04-24,1122067,27602.0
2023-03-24,1112067,21400.0
2023-01-16,1102065,6075.0
2023-03-11,1124065,7220.0
2023-06-27,1113072,12220.0
2023-09-22,1102057,41541.0
2023-05-22,1107059,7200.0
2023-07-13,1121068,31218.0
2023-03-31,1122056,3481.0
2023-08-25,1101073,18437.0
2023-12-24,1108061,11318.0
2023-03-08,1124078,20070.0
2023-06-29,1115062,5208.0
2023-01-07,1122064,15837.0
2023-11-05,1107054,6326.0
2023-02-04,1104068,30517.0
2023-06-22,1102057,37805.0
2023-05-05,1118060,4935.0
2023-07-28,1125061,14359.0
2023-11-17,1118053,10150.0
2023-05-21,1122054,8290.0
2023-11-27,1120071,30995.0
2023-09-27,1109072,46547.0
2023-08-09,1119067,4513.0
2023-07-18,1110053,8656.0
2023-03-16,1107073,22284.0
2023-05-18,1112067,21161.0
2023-02-12,1124062,1109.0
2023-09-23,1122051,34671.0
2023-08-29,1106072,29174.0
2023-11-04,1117056,19155.0
2023-03-25,1117062,7983.0
2023-06-06,1102071,13582.0
2023-03-25,1125059,2704.0
2023-08-01,1103066,4420.0
2023-08-26,1114070,4578.0
2023-03-17,1121065,2830.0
2023-05-01,1123063,37532.0
2023-04-26,1103052,
2023-08-22,1108062,12398.0
2023-10-12,1122057,23993.0
2023-02-12,1101067,7103.0
2023-05-08,1104070,47496.0
2023-08-03,1105067,15229.0
2023-06-08,1117064,11863.0
2023-06-02,1119067,4242.0
2023-03-13,1119061,13968.0
2023-04-01,1110064,10342.0
2023-02-13,1102070,3722.0
2023-06-09,1122052,121807.0
2023-09-15,1101058,11689.0
2023-11-02,1116051,14400.0
2023-02-15,1113075,84200.0
2023-01-23,1122068,3901.0
2023-04-02,1116052,7943.0
2023-09-19,1116067,29167.0
2023-04-24,1106087,19949.0
2023-05-11,1109063,15948.0
2023-12-13,1112051,36970.0
2023-04-11,1110051,9011.0
2023-11-30,1124075,26483.0
2023-07-06,1123059,41721.0
2023-10-14,1115052,21938.0
2023-10-05,1125059,3640.0
2023-01-21,1111074,3265.0
2023-01-21,1116073,35634.0
2023-06-19,1115054,9456.0
2023-10-04,1112057,10610.0
2023-02-10,1101068,118.0
2023-11-16,1123071,6527.0
2023-08-18,1116067,29151.0
2023-02-26,1124068,2227.0
2023-02-20,1104071,8036.0
2023-07-19,1110057,10219.0
2023-05-23,1117069,32515.0
2023-01-16,1103064,2481.0
2023-01-27,1105058,3678.0
2023-01-26,1119072,39834.0
2023-08-15,1118052,14061.0
2023-11-25,1118061,9014.0
2023-08-29,1106091,8267.0
2023-08-01,1108064,6270.0
2023-08-16,1112051,34566.0
2023-10-11,1102052,98286.0
2023-05-01,1123060,11313.0
2023-05-30,1117064,12018.0
2023-04-08,1125054,11274.0
2023-05-17,1103073,99366.0
2023-11-19,1118060,4783.0
2023-03-13,1109075,9305.0
2023-03-09,1113071,6449.0
2023-05-20,1116051,11004.0
2023-03-02,1102058,14417.0
2023-05-04,1103057,6397.0
2023-08-31,1116070,21321.0
2023-04-13,1102054,149260.0
2023-03-20,1123052,77163.0
2023-11-25,1103065,20993.0
2023-01-05,1120068,45336.0
2023-01-27,1101068,127.0
2023-07-31,1111053,11934.0
2023-08-28,1104062,16402.0
2023-07-15,1119067,3187.0
2023-09-21,1115064,6794.0
2023-12-28,1123078,21135.0
2023-08-03,1117067,14457.0
2023-10-10,1123058,65563.0
2023-05-03,1122059,15852.0
2023-02-11,1121073,18436.0
2023-04-17,1123060,13484.0
2023-02-28,1116051,15026.0
2023-02-15,1123064,157761.0
2023-02-28,1122052,124792.0
2023-07-19,1118057,27922.0
2023-04-01,1105063,17016.0
2023-02-20,1123052,76593.0
2023-01-17,1119065,6591.0
2023-08-04,1108078,6117.0
2023-11-13,1108071,11704.0
2023-05-17,1105057,18056.0
2023-03-13,1104070,47864.0
2023-04-25,1111074,7135.0
2023-04-29,1108078,4537.0
2023-11-13,1116070,20676.0
2023-09-09,1106080,12213.0
2023-05-16,1121063,80045.0
2023-07-21,1121065,2944.0
2023-02-06,1112060,6918.0
2023-01-22,1124079,6843.0
2023-08-18,1115060,6722.0
2023-02-22,1112059,18725.0
2023-09-14,1125056,5923.0
2023-04-17,1102057,38551.0
2023-05-16,1120067,4851.0
2023-10-27,1108077,17560.0
2023-07-17,1104072,5573.0
2023-08-02,1104057,13762.0
2023-04-16,1123078,9918.0
2023-08-20,1116073,42385.0
2023-12-29,1111073,4001.0
2023-06-07,1116064,52067.0
2023-11-16,1118051,95514.0
2023-03-13,1125067,4830.0
2023-08-18,1111072,17218.0
2023-12-29,1115063,6195.0
2023-03-26,1117069,13712.0
2023-10-23,1116063,8194.0
2023-03-17,1114075,8037.0
2023-06-16,1119076,38023.0
2023-12-19,1113070,13333.0
2023-01-29,1124062,1009.0
2023-04-18,1121080,93293.0
2023-01-03,1122060,87642.0
2023-12-28,1111076,12486.0
2023-04-13,1106072,36873.0
2023-08-09,1124063,28125.0
2023-04-29,1119068,13369.0
2023-06-11,1120053,29463.0
2023-10-23,1122061,7722.0
2023-09-04,1102059,51009.0
2023-05-12,1115069,6429.0
2023-08-10,1111078,20401.0
2023-01-05,1107057,5877.0
2023-11-30,1125058,22147.0
2023-06-14,1116074,37711.0
2023-07-05,1121064,86829.0
2023-05-21,1123051,8691.0
2023-03-17,1110053,8256.0
2023-09-25,1109064,10688.0
2023-06-11,1101053,42877.0
2023-12-02,1107052,5273.0
2023-02-08,1112067,20297.0
2023-12-05,1104058,5215.0
2023-09-28,1125052,9995.0
2023-11-28,1120063,9289.0
2023-05-14,1124066,17753.0
2023-02-12,1116072,4565.0
2023-11-15,1111060,9841.0
2023-02-12,1114066,153974.0
2023-10-02,1115057,3063.0
2023-11-21,1112060,7124.0
2023-01-27,1103051,5741.0
2023-02-21,1125070,11923.0
2023-05-27,1124081,19108.0
2023-06-20,1122067,27997.0
2023-04-16,1107060,25613.0
2023-06-01,1120066,14194.0
2023-05-26,1117071,32656.0
2023-03-27,1123072,20820.0
2023-03-17,1112058,36405.0
2023-09-17,1103063,6496.0
2023-06-25,1112074,9235.0
2023-08-24,1123068,4934.0
2023-06-26,1124054,3266.0
2023-11-20,1121080,91018.0
2023-04-28,1109070,29446.0
2023-09-25,1114069,6174.0
2023-02-18,1121081,8791.0
2023-09-12,1108059,5914.0
2023-09-21,1113070,16019.0
2023-01-28,1124054,2208.0
2023-05-13,1123064,96985.0
2023-12-18,1120066,12822.0
2023-05-20,1115057,4027.0
2023-05-21,1110065,18053.0
2023-02-12,1106071,3030.0
2023-10-06,1124068,5175.0
2023-11-09,1120073,55577.0
2023-04-26,1108071,
2023-01-17,1104059,10853.0
2023-03-19,1121058,12195.0
2023-08-31,1103051,6561.0
2023-04-25,1109069,13766.0
2023-09-18,1109063,15639.0
2023-05-13,1121064,75128.0
2023-07-31,1103059,3429.0
2023-02-01,1114070,5052.0
2023-06-12,1108083,18852.0
2023-10-24,11170730,23317.0
2023-09-28,1123065,6358.0
2023-02-02,1103063,5771.0
2023-03-23,1124078,17675.0
2023-03-06,1101071,22461.0
2023-08-07,1109061,9135.0
2023-05-20,1111056,20028.0
2023-09-16,1106081,64980.0
2023-06-17,1122067,19235.0
2023-08-08,1120071,26937.0
2023-03-18,1123066,15031.0
2023-09-24,1125055,2011.0
2023-12-20,1118054,16758.0
2023-06-07,1108062,13920.0
2023-01-14,1113075,64764.0
2023-03-17,1119070,6037.0
2023-06-20,1103074,42636.0
2023-06-07,1120054,22119.0
2023-11-05,1119054,83754.0
2023-05-18,1108071,12198.0
2023-06-26,1121065,2764.0
2023-11-07,1112071,48485.0
2023-07-07,1108085,34237.0
2023-01-27,1118061,12276.0
2023-04-15,1124053,8932.0
2023-11-16,1125073,10745.0
2023-02-01,1117068,25723.0
2023-12-20,1122067,29270.0
2023-06-07,1114078,33287.0
2023-07-02,1112073,6962.0
2023-05-13,1103070,4880.0
2023-12-13,1123067,32758.0
2023-12-08,1104068,52013.0
2023-12-19,1117070,7306.0
2023-02-24,1114071,7256.0
2023-09-02,1105063,17074.0
2023-08-31,1112074,15361.0
2023-01-23,1120068,15803.0
2023-12-09,1108058,11039.0
2023-01-12,1104054,13427.0
2023-08-14,1106083,50831.0
2023-08-16,1109075,10050.0
2023-06-12,1104052,19919.0
2023-10-20,1104059,11777.0
2023-03-24,1115071,16188.0
2023-02-13,1109061,9264.0
2023-05-29,1107073,13823.0
2023-04-15,1101058,6980.0
2023-11-05,1124061,11283.0
2023-07-12,1121052,12587.0
2023-07-03,1117062,11082.0
2023-10-30,1109062,7448.0
2023-03-05,1124071,10493.0
2023-02-08,1107059,6764.0
2023-10-12,1102058,17316.0
2023-12-13,1102068,5236.0
2023-11-15,1111076,13362.0
2023-08-25,1120066,13662.0
2023-11-27,1115070,13072.0
2023-08-21,1111061,6548.0
2023-12-10,1115063,3585.0
2023-02-05,1122057,10078.0
2023-08-07,1121063,69095.0
2023-03-13,1118057,26646.0
2023-06-18,1104058,2923.0
2023-06-30,1124057,11715.0
2023-10-08,1119061,5983.0
2023-08-01,1117054,96620.0
2023-11-24,1114061,4167.0
2023-08-13,1101053,46555.0
2023-08-09,1122058,9788.0
2023-05-24,1120063,9460.0
2023-07-20,1104067,6355.0
2023-01-09,1115071,15391.0
2023-07-17,1124058,12886.0
2023-04-06,1113073,56420.0
2023-12-19,1111079,40183.0
2023-09-11,1111066,53390.0
2023-04-29,1101068,111.0
2023-06-07,1121057,16547.0
2023-12-08,1115070,13826.0
2023-01-18,1122067,29276.0
2023-06-26,1122065,10736.0
2023-09-03,1122053,43655.0
2023-12-22,1121068,32330.0
2023-04-14,1109069,14085.0
2023-01-19,1124062,2355.0
2023-12-30,11230511,
2023-04-11,1106086,11338.0
2023-01-15,1109075,5385.0
2023-09-30,1116074,12926.0
2023-04-25,1123068,4811.0
2023-01-13,1111066,52013.0
2023-11-10,1109064,10618.0
2023-05-11,1120054,22369.0
2023-01-25,1122062,22676.0
2023-10-20,1125059,3681.0
2023-04-14,1101057,2288.0
2023-11-06,1110054,6297.0
2023-02-26,1121061,5704.0
2023-06-11,1107061,2276.0
2023-02-23,1106090,10117.0
2023-03-24,1122052,125170.0
2023-01-20,1114059,20062.0
2023-07-02,1125074,11010.0
2023-09-18,1113065,6130.0
2023-05-19,1110051,9435.0
2023-07-04,1103051,6118.0
2023-12-12,1105053,64491.0
2023-07-23,1114069,3957.0
2023-12-28,1115062,5500.0
2023-02-22,1104073,17916.0
2023-12-03,1119069,8575.0
2023-11-05,1107065,7682.0
2023-02-20,1113071,6040.0
2023-08-03,1116063,8564.0
2023-11-28,1114076,28047.0
2023-11-15,1111074,7928.0
2023-12-21,1124059,19795.0
2023-07-28,1124062,2384.0
2023-08-03,1116074,34333.0
2023-06-18,1114072,4558.0
2023-08-29,1124079,27710.0
2023-08-12,1125051,7805.0
2023-09-17,1114060,27109.0
2023-08-22,1114071,7137.0
2023-01-06,1118060,7761.0
2023-08-03,1103073,97016.0
2023-09-26,1116071,39267.0
2023-04-12,1106081,78731.0
2023-05-23,1113071,6689.0
2023-05-23,1112052,21805.0
2023-01-05,1110052,9821.0
2023-04-06,1121083,16605.0
2023-02-08,1118051,96832.0
2023-10-22,1116061,9047.0
2023-02-27,1111078,23951.0
2023-05-16,1125054,16428.0
2023-02-14,1102060,66481.0
2023-11-16,1105056,6073.0
2023-09-27,1123059,37246.0
2023-09-19,1112071,48366.0
2023-02-26,1112074,8681.0
2023-05-27,1124051,2385.0
2023-03-17,1125066,65360.0
2023-11-09,1106084,10829.0
2023-10-02,1119056,32269.0
2023-10-08,1123073,1768.0
2023-01-01,1105063,9646.0
2023-09-28,1119072,29869.0
2023-11-10,1111064,7011.0
2023-06-04,1111056,13059.0
2023-05-05,1124075,10963.0
2023-04-23,1103073,66640.0
2023-08-01,1113064,9613.0
2023-08-11,1107072,26506.0
2023-03-21,1115059,4081.0
2023-06-01,1125074,19114.0
2023-04-18,1101054,4258.0
2023-02-05,1111073,2189.0
2023-12-24,11170740,
2023-12-05,1122064,32122.0
2023-06-27,1101056,9120.0
2023-12-19,1110055,17054.0
2023-10-17,1101071,24157.0
2023-04-16,1101067,7366.0
2023-07-13,1104052,19829.0
2023-06-26,1105067,13619.0
2023-06-12,1120052,13974.0
2023-12-03,1115064,3372.0
2023-12-25,1112073,7194.0
2023-10-11,1124061,19778.0
2023-09-27,1103073,98270.0
2023-09-23,1108065,16424.0
2023-02-19,1112072,6670.0
2023-01-27,1114075,7684.0
2023-07-16,1125071,7629.0
2023-10-07,1119075,4055.0
2023-03-12,1112058,19403.0
2023-12-07,1123065,19443.0
2023-10-14,1124066,26160.0
2023-06-03,1115060,4808.0
2023-05-22,1122065,10649.0
2023-04-04,1125065,17961.0
2023-09-14,1124054,3389.0
2023-11-11,1125054,11339.0
2023-04-11,1125054,15925.0
2023-10-22,1112071,32592.0
2023-11-03,1117055,7336.0
2023-05-15,1113075,94337.0
2023-03-26,1120054,11559.0
2023-06-05,1122062,22520.0
2023-09-19,1121063,80425.0
2023-07-05,1111078,27525.0
2023-05-23,1118058,7294.0
2023-08-24,1116074,37218.0
2023-07-14,1123059,39206.0
2023-07-10,1115064,6804.0
2023-12-26,1121068,31329.0
2023-03-23,1117071,30149.0
2023-01-31,1113070,11916.0
2023-03-06,1107055,5050.0
2023-01-01,1124069,11582.0
2023-04-29,1124068,2943.0
2023-08-17,1122061,8217.0
2023-12-03,1109064,6321.0
2023-06-18,1123052,33332.0
2023-03-25,1116065,1620.0
2023-05-09,1103066,4513.0
2023-11-06,1113074,7776.0
2023-09-08,1119065,7098.0
2023-05-19,1123059,40262.0
2023-08-03,1115071,15140.0
2023-04-27,1114070,5279.0
2023-11-05,1102059,32394.0
2023-01-01,1103057,2243.0
2023-01-30,1123058,63960.0
2023-12-08,1121064,86878.0
2023-05-03,1105061,25944.0
2023-03-23,1113062,44828.0
2023-03-21,1124065,10457.0
2023-07-30,1117070,4833.0
2023-03-09,1125065,18111.0
2023-01-20,1125061,13606.0
2023-06-11,1125067,3631.0
2023-12-11,1118059,3649.0
2023-03-23,1112066,21449.0
2023-12-27,1109074,15618.0
2023-01-03,1115070,12228.0
2023-04-28,1115072,33674.0
2023-02-13,1122052,119022.0
2023-11-24,1118058,6689.0
2023-10-01,1115065,1583.0
2023-11-09,1110057,9367.0
2023-02-13,1106081,72211.0
2023-03-24,1121057,17277.0
2023-07-12,1117064,12267.0
2023-12-07,1121079,10321.0
2023-10-18,1101057,2054.0
2023-03-15,1101070,7239.0
2023-04-20,1117069,31968.0
2023-09-25,1112060,7285.0
2023-02-17,1121071,6026.0
2023-12-17,1112065,15220.0
2023-06-05,1105058,3724.0
2023-10-12,1103053,47018.0
2023-02-28,1123073,3695.0
2023-06-28,1123074,15886.0
2023-05-25,1124059,24424.0
2023-04-22,1101073,15901.0
2023-01-22,1107054,4771.0
2023-11-25,1113064,7191.0
2023-02-08,1124075,26000.0
2023-02-07,1110059,48309.0
2023-04-21,1124066,37887.0
2023-11-13,1112059,18386.0
2023-10-08,1121066,10116.0
2023-11-20,1124080,17906.0
2023-08-31,1119076,37606.0
2023-01-01,1105059,21672.0
2023-04-04,1108065,22433.0
2023-04-20,1114074,63892.0
2023-08-19,1123059,18121.0
2023-02-19,1121062,20961.0
2023-10-22,1116074,18756.0
2023-06-01,1107062,27466.0
2023-07-27,1119065,6701.0
2023-05-10,1109062,8295.0
2023-05-16,1119070,5990.0
2023-10-20,1120063,9469.0
2023-02-25,1115060,4644.0
2023-10-01,1101055,5781.0
2023-09-22,1108065,21897.0
2023-07-24,1123065,19879.0
2023-03-23,1112051,36509.0
2023-05-09,1123058,65981.0
2023-10-26,1109069,13761.0
2023-12-03,1107059,3677.0
2023-05-25,1118060,8344.0
2023-12-30,1119069,10717.0
2023-11-16,1112065,28223.0
2023-05-10,1101056,10364.0
2023-12-13,1108083,19854.0
2023-02-03,1114061,3659.0
2023-11-13,1119056,58315.0
2023-10-21,1116067,20119.0
2023-02-13,1113062,40384.0
2023-11-28,1110051,8967.0
2023-10-05,1112067,21177.0
2023-06-07,1114075,8085.0
2023-01-17,1113070,11978.0
2023-11-27,1112066,20774.0
2023-01-31,1114060,40260.0
2023-09-10,1119054,79313.0
2023-11-15,1123065,19741.0
2023-06-27,1125066,61298.0
2023-01-09,1119066,4253.0
2023-09-09,1124064,6200.0
2023-10-27,1108078,7031.0
2023-10-02,1108059,3579.0
2023-10-17,1116070,21460.0
2023-06-30,1107061,4055.0
2023-01-07,1108085,23349.0
2023-11-10,1124065,11457.0
2023-02-28,1124075,25740.0
2023-08-08,1125058,20998.0
2023-08-23,1104069,3562.0
2023-02-22,1120073,55123.0
2023-04-05,1107059,7132.0
2023-07-08,1121078,12023.0
2023-05-22,1115051,60440.0
2023-02-16,1121068,32233.0
2023-11-13,1122051,63051.0
2023-08-31,1118055,11786.0
2023-11-13,1119069,18752.0
2023-10-16,1116053,8307.0
2023-03-08,1123068,4938.0
2023-05-26,1103053,45263.0
2023-08-25,1116052,17715.0
2023-09-01,1106091,8744.0
2023-09-21,1122062,26735.0
2023-03-12,1116058,2471.0
2023-11-24,1124068,4987.0
2023-12-01,1109073,7669.0
2023-04-08,1107052,5734.0
2023-12-27,1103065,18287.0
2023-04-25,1102067,3886.0
2023-05-27,1106071,4691.0
2023-04-26,1116066,
2023-03-26,1124060,12181.0
2023-04-13,1122052,118215.0
2023-07-23,1122063,4887.0
2023-03-25,1116070,13032.0
2023-05-06,1102071,14413.0
2023-01-16,1116057,4979.0
2023-11-09,1103073,99127.0
2023-03-17,1120067,4812.0
2023-03-19,1109070,16594.0
2023-08-07,1107070,10978.0
2023-07-10,1105067,15044.0
2023-01-14,1125056,3533.0
2023-02-25,1110057,7192.0
2023-03-14,1115063,6466.0
2023-06-16,1108085,34954.0
2023-06-29,1117068,26280.0
2023-09-05,1124057,11818.0
2023-03-07,1121068,33556.0
2023-12-29,1122063,10103.0
2023-08-13,1114075,4313.0
2023-10-27,1120052,15295.0
2023-02-13,1105062,40184.0
2023-06-28,1105067,15934.0
2023-05-01,1125056,3728.0
2023-02-20,1117069,26568.0
2023-07-22,1124059,22482.0
2023-02-07,1124065,10259.0
2023-07-08,1105061,19925.0
2023-04-28,1118054,16810.0
2023-02-05,1111069,13701.0
2023-07-03,1105066,7174.0
2023-10-05,1123052,77387.0
2023-06-08,1108066,42473.0
2023-06-24,1103072,6960.0
2023-11-18,1119072,33194.0
2023-05-01,1104052,14161.0
2023-11-28,1110055,17175.0
2023-08-07,1124060,21810.0
2023-01-29,1109074,9974.0
2023-08-29,1106090,9852.0
2023-03-18,1114072,5778.0
2023-05-11,1121081,11803.0
2023-03-06,1107068,4933.0
2023-10-20,1103059,3626.0
2023-04-19,1115062,5661.0
2023-04-27,1111060,9369.0
2023-11-24,1125054,17777.0
2023-03-22,1123053,68306.0
2023-08-09,1115053,22436.0
2023-01-19,1113071,6282.0
2023-08-01,1116063,8644.0
2023-11-17,1123064,158430.0
2023-09-30,1109073,3484.0
2023-11-25,1105059,39831.0
2023-04-27,1110056,4847.0
2023-05-09,1107054,12175.0
2023-11-13,1102065,6119.0
2023-02-15,1111069,25455.0
2023-09-25,1125059,3663.0
2023-01-17,1109075,9151.0
2023-06-08,1112060,7255.0
2023-02-26,1117054,44764.0
2023-04-24,1125059,3491.0
2023-08-07,1116070,19670.0
2023-10-26,1120063,9181.0
2023-06-05,1124060,20460.0
2023-10-28,1115064,4848.0
2023-10-26,1116052,17836.0
2023-08-05,1117069,15434.0
2023-10-18,1117051,76296.0
2023-02-28,1120068,48163.0
2023-08-06,1118061,6440.0
2023-06-07,1113068,24636.0
2023-01-24,1122052,32182.0
2023-06-03,1115072,21892.0
2023-05-09,1116059,5529.0
2023-06-17,1117064,9738.0
2023-02-18,1124062,1558.0
2023-07-26,1121065,2793.0
2023-03-20,1125072,3119.0
2023-07-18,1123075,41461.0
2023-01-14,1111073,2841.0
2023-07-13,1123073,3455.0
2023-11-22,1108065,21648.0
2023-08-06,1123051,7008.0
2023-11-01,1121052,11823.0
2023-04-06,1103053,46094.0
2023-12-22,1119056,61040.0
2023-08-16,1102054,146718.0
2023-07-25,1106071,7536.0
2023-11-09,1117064,11523.0
2023-02-14,1114077,55105.0
2023-10-01,1111053,6649.0
2023-04-01,1107061,2841.0
2023-09-15,1115061,4946.0
2023-08-28,1113066,7645.0
2023-09-11,1124065,10345.0
2023-06-09,1112071,50201.0
2023-06-27,1101071,23445.0
2023-12-20,1108064,8223.0
2023-05-18,1124079,29262.0
2023-01-24,1122063,3646.0
2023-02-05,1108082,34144.0
2023-12-12,1101058,11605.0
2023-10-25,1101072,8922.0
2023-03-29,1116053,8619.0
2023-09-11,1125063,4691.0
2023-02-08,1107062,26222.0
2023-03-30,1121064,87670.0
2023-08-30,1115069,6528.0
2023-12-09,1122063,7973.0
2023-07-13,1124082,15485.0
2023-03-25,1123063,42541.0
2023-08-01,1105060,32555.0
2023-03-26,1112067,11855.0
2023-03-19,1120065,3620.0
2023-07-12,1120052,14529.0
2023-09-10,1123071,3181.0
2023-08-27,1109062,4735.0
2023-10-29,1101068,170.0
2023-06-26,1125051,13210.0
2023-07-27,1123076,17384.0
2023-06-29,1125058,21096.0
2023-09-26,1105061,24180.0
2023-08-01,1108081,13944.0
2023-09-13,1104057,15120.0
2023-12-29,1102059,54744.0
2023-10-07,1125061,11063.0
2023-07-20,1102073,10100.0
2023-01-06,1111066,55858.0
2023-03-12,1118061,6293.0
2023-07-05,1101063,73781.0
2023-11-10,1116054,38948.0
2023-09-04,1102070,4065.0
2023-03-31,1116072,9485.0
2023-07-23,1105056,3268.0
2023-08-05,1107055,3532.0
2023-11-19,1111069,14696.0
2023-06-07,1103071,9646.0
2023-03-04,1123072,11639.0
2023-03-28,1125066,62345.0
2023-12-10,1111058,6650.0
2023-08-19,1102055,74336.0
2023-10-31,1102055,112940.0
2023-03-18,1124058,11014.0
2023-06-09,1111053,14368.0
2023-06-29,1110060,7532.0
2023-04-22,1110054,4566.0
2023-04-07,1115060,6668.0
2023-07-20,1118052,30035.0
2023-06-02,1121069,23370.0
2023-10-23,1108060,24570.0
2023-04-15,1116058,3501.0
2023-08-11,1121063,73801.0
2023-04-01,1111079,31617.0
2023-08-30,1101061,195985.0
2023-03-20,1105067,15476.0
2023-09-21,1110051,9557.0
2023-05-02,1114074,63983.0
2023-08-11,1104057,13733.0
2023-02-12,1113066,4090.0
2023-03-05,1122055,7931.0
2023-03-23,1105060,35476.0
2023-11-13,1125059,3484.0
2023-02-15,1111058,11261.0
2023-11-28,1121080,93976.0
2023-01-05,1123053,65705.0
2023-07-17,1125059,3676.0
2023-02-14,1106073,11592.0
2023-08-07,1111060,8324.0
2023-12-18,1111069,26514.0
2023-01-29,1103059,1587.0
2023-07-07,1110056,5073.0
2023-08-16,1111072,16610.0
2023-06-13,1103053,47704.0
2023-02-24,1119069,18961.0
2023-07-27,1124051,4163.0
2023-10-25,1112072,11879.0
2023-06-14,1105061,24356.0
2023-12-29,1109074,15478.0
2023-07-17,1119067,4387.0
2023-09-17,1124056,4245.0
2023-06-14,1119066,4501.0
2023-12-24,1121057,12106.0
2023-01-14,1115066,19313.0
2023-09-03,1121058,12527.0
2023-02-14,1114074,62643.0
2023-10-26,1111077,13436.0
2023-09-27,1110056,5316.0
2023-10-16,1106087,19934.0
2023-10-10,1114074,64165.0
2023-02-14,1112060,6798.0
2023-01-20,1117055,8427.0
2023-10-19,1116069,18145.0
2023-09-27,1115057,4818.0
2023-02-01,1119055,37832.0
2023-08-11,1121073,24759.0
2023-01-14,1116051,10051.0
2023-10-31,1105060,35521.0
2023-10-24,1114068,6521.0
2023-09-22,1114070,5807.0
2023-08-07,1124075,23654.0
2023-12-15,1110055,17648.0
2023-01-02,1124062,2315.0
2023-02-23,1119056,62737.0
2023-06-09,1109064,10791.0
2023-02-21,1103051,5785.0
2023-06-29,1124069,42363.0
2023-01-01,1104054,5268.0
2023-12-18,1111056,27589.0
2023-12-16,1121054,3581.0
2023-11-02,1124082,15746.0
2023-11-13,1111058,11749.0
2023-04-30,1116054,22443.0
2023-11-01,1119067,3953.0
2023-06-10,1122066,46729.0
2023-12-30,1106083,47395.0
2023-04-16,1104055,8296.0
2023-04-19,1116053,8589.0
2023-07-02,1111051,6809.0
2023-05-31,1122054,13681.0
2023-09-17,1102060,28570.0
2023-09-12,1108065,22204.0
2023-10-12,1115064,6374.0
2023-03-20,1115071,15135.0
2023-12-15,1103065,20217.0
2023-04-08,1120071,20891.0
2023-09-17,1117071,21942.0
2023-02-09,1110056,4482.0
2023-02-08,1114068,6725.0
2023-09-30,1108061,6361.0
2023-03-27,1114060,50256.0
2023-10-18,1107060,40408.0
2023-06-16,1103051,6466.0
2023-03-07,1124051,3958.0
2023-01-22,1106084,3168.0
2023-03-11,1119054,93504.0
2023-03-05,1111077,6891.0
2023-12-01,1106080,14012.0
2023-07-13,1108059,5789.0
2023-10-13,1119070,5691.0
2023-09-28,1104073,8536.0
2023-06-05,1123071,6154.0
2023-01-29,1124066,15856.0
2023-05-12,1124054,3379.0
2023-10-30,1123079,91810.0
2023-12-27,1125065,17968.0
2023-06-26,1115069,6247.0
2023-12-08,1110060,7947.0
2023-11-17,1124063,30133.0
2023-06-28,1124082,15713.0
2023-11-20,1121054,4251.0
2023-03-21,1121071,6210.0
2023-07-14,1116058,4808.0
2023-03-06,1122054,12789.0
2023-03-14,1116055,9229.0
2023-04-14,1108068,12072.0
2023-05-19,1114060,52972.0
2023-11-19,1111060,5330.0
2023-07-31,1103051,6087.0
2023-03-07,1101072,7458.0
2023-10-18,1109063,15028.0
2023-11-02,1104066,31247.0
2023-02-12,1119076,13653.0
2023-01-11,1123078,21809.0
2023-04-14,1102068,5177.0
2023-10-13,1118051,96851.0
2023-01-27,1108058,13673.0
2023-11-03,1108077,17837.0
2023-01-09,1112052,19658.0
2023-11-18,1116065,1537.0
2023-08-14,1124066,30932.0
2023-06-06,1116065,1208.0
2023-07-25,1120053,53654.0
2023-07-26,1114072,8400.0
2023-11-29,1112059,18743.0
2023-11-01,1121073,30762.0
2023-02-26,1112058,21898.0
2023-09-20,1122057,23078.0
2023-07-16,1119056,28682.0
2023-04-10,1119056,61080.0
2023-02-03,1123053,67564.0
2023-12-31,1118052,12469.0
2023-11-03,1119063,21632.0
2023-04-05,1105061,22623.0
2023-03-16,1102057,40326.0
2023-11-08,1117072,35029.0
2023-04-20,1106080,13118.0
2023-02-01,1101068,115.0
2023-03-12,1124066,14872.0
2023-10-25,1116072,9546.0
2023-10-17,1116052,17885.0
2023-07-28,1120052,14174.0
2023-11-27,1111076,12523.0
2023-07-03,1121082,11030.0
2023-11-14,1108062,13733.0
2023-04-21,1125051,12946.0
2023-12-13,1121079,10566.0
2023-02-02,1101072,7253.0
2023-06-08,1106090,10530.0
2023-10-10,1104065,13331.0
2023-05-11,1112059,19640.0
2023-05-12,1116061,16286.0
2023-12-24,1118053,7186.0
2023-04-16,1101055,5568.0
2023-02-11,1122058,8063.0
2023-11-29,1109074,16572.0
2023-09-11,1119062,20728.0
2023-05-26,1102054,161728.0
2023-02-28,1104067,6309.0
2023-11-04,1123064,94144.0
2023-04-27,1124079,30358.0
2023-10-05,1107054,11946.0
2023-09-19,1117072,35553.0
2023-11-23,1110052,9799.0
2023-10-09,1109071,21695.0
2023-06-27,1123059,41052.0
2023-08-08,1102071,22924.0
2023-11-12,1108065,11484.0
2023-07-03,1123052,75817.0
2023-08-16,1101072,7831.0
2023-07-19,1112066,20623.0
2023-03-16,1101054,4625.0
2023-01-20,1123068,3868.0
2023-05-18,1117064,11906.0
2023-02-16,1113076,30616.0
2023-03-31,1121058,18385.0
2023-08-17,1110051,8504.0
2023-03-09,1123072,21206.0
2023-01-24,1104054,3986.0
2023-08-01,1112058,33303.0
2023-11-19,1103071,4727.0
2023-02-12,1119072,29476.0
2023-03-03,1111059,27307.0
2023-03-21,1112072,11760.0
2023-08-17,1103052,16920.0
2023-09-10,1106083,39371.0
2023-09-21,1115058,7617.0
2023-01-10,1115063,6191.0
2023-04-28,1102057,40830.0
2023-10-31,1107069,27141.0
2023-11-16,1124053,14218.0
2023-03-13,1118053,9910.0
2023-06-07,1105066,6909.0
2023-02-04,1124063,21408.0
2023-08-25,1111064,7223.0
2023-07-27,1104054,12888.0
2023-03-07,1120069,6692.0
2023-05-19,1107068,5416.0
2023-02-25,1121063,71578.0
2023-12-22,1117055,8061.0
2023-03-23,1122052,118718.0
2023-12-28,1101061,200255.0
2023-05-01,1108062,10525.0
2023-01-03,1104068,48770.0
2023-05-23,1118052,29205.0
2023-05-25,1109065,23101.0
2023-03-02,1109060,61306.0
2023-01-22,1115069,1405.0
2023-04-23,1102055,59646.0
2023-01-27,1123064,158174.0
2023-02-09,1121068,32155.0
2023-03-10,1113072,12187.0
2023-03-02,1107054,11875.0
2023-05-01,1103071,7686.0
2023-02-19,1104069,1825.0
2023-10-07,1115053,17403.0
2023-01-31,1112052,19976.0
2023-08-27,1111074,3904.0
2023-01-31,1102073,9395.0
2023-07-10,1115062,5616.0
2023-01-01,1110052,4810.0
2023-08-11,1104054,12459.0
2023-09-21,1102055,117369.0
2023-09-25,1118055,12335.0
2023-06-07,1105053,62117.0
2023-04-21,1101069,5706.0
2023-01-16,1111060,8290.0
2023-03-22,1116059,5629.0
2023-05-27,1112058,25309.0
2023-05-16,1108068,12133.0
2023-11-18,1105058,2824.0
2023-09-01,1122052,121186.0
2023-05-15,1124069,44458.0
2023-03-24,1107065,15261.0
2023-12-30,1101068,203.0
2023-03-08,1107064,8227.0
2023-12-05,1122056,3069.0
2023-01-12,1124081,29337.0
2023-05-16,1119063,21807.0
2023-12-05,1111073,4057.0
2023-10-12,1102073,10205.0
2023-05-17,1108082,70259.0
2023-02-08,1115053,22585.0
2023-12-02,1109070,21569.0
2023-09-12,1103070,6169.0
2023-12-09,1107070,7608.0
2023-05-24,1124079,29465.0
2023-08-15,1112071,32148.0
2023-05-20,1102071,20578.0
2023-01-13,1102055,95887.0
2023-07-13,1107068,4968.0
2023-12-07,1124082,16063.0
2023-01-31,1111073,3606.0
2023-10-14,1116057,3888.0
2023-09-19,1112060,7353.0
2023-11-22,1111077,13675.0
2023-06-09,1110051,9291.0
2023-02-28,1115059,3346.0
2023-08-07,1101058,10648.0
2023-02-09,1106090,10295.0
2023-04-11,1105062,36488.0
2023-02-05,1106081,43111.0
2023-05-26,1120055,9327.0
2023-12-27,1103064,2716.0
2023-10-02,1116059,3304.0
2023-02-21,1115070,12894.0
2023-12-15,1109065,22199.0
2023-06-11,1106087,9838.0
2023-02-20,1115072,30434.0
2023-03-29,1125067,5036.0
2023-10-02,1119054,81677.0
2023-07-12,1108077,17499.0
2023-02-27,1113075,88131.0
2023-06-25,1123072,8997.0
2023-08-22,1124066,35203.0
2023-06-25,1116052,7040.0
2023-08-04,1113074,7920.0
2023-12-07,1105064,6700.0
2023-02-13,1101054,4032.0
2023-07-09,1113068,11250.0
2023-02-19,1106088,8646.0
2023-03-30,1101071,24124.0
2023-03-23,1124052,7598.0
2023-04-16,1117064,7653.0
2023-12-25,1117065,2704.0
2023-05-19,1104062,17270.0
2023-10-23,1104073,17930.0
2023-07-21,1115063,6747.0
2023-12-26,1104055,17930.0
2023-09-25,1112072,12479.0
2023-09-12,1104065,13425.0
2023-06-01,1105055,4686.0
2023-11-11,1117069,17233.0
2023-06-15,1121066,15646.0
2023-03-14,1108085,35775.0
2023-09-30,1115072,11768.0
2023-11-10,1123051,16359.0
2023-05-29,1113064,6604.0
2023-03-31,1112056,19857.0
2023-05-10,1117071,29995.0
2023-01-02,1120071,22852.0
2023-05-23,1116067,29001.0
2023-12-02,1113064,7384.0
2023-10-27,1110060,7835.0
2023-04-05,1123067,31206.0
2023-10-01,1124065,4411.0
2023-05-04,1116063,8995.0
2023-07-12,1124058,13575.0
2023-08-20,1104056,27978.0
2023-06-09,1106080,14056.0
2023-01-17,1125054,15250.0
2023-01-05,1123074,13885.0
2023-01-04,1110053,7958.0
2023-10-30,1103069,8140.0
2023-07-21,1111053,13350.0
2023-12-18,1115059,3521.0
2023-02-09,1105054,9240.0
2023-07-20,1118054,16495.0
2023-11-05,1112068,4760.0
2023-08-25,1121057,17513.0
2023-07-25,1125054,15616.0
2023-12-25,1125055,1920.0
2023-02-05,1118057,14281.0
2023-11-27,1123059,38895.0
2023-01-19,1122058,9820.0
2023-12-28,1120065,6596.0
2023-05-30,1120053,67098.0
2023-10-01,1125053,9717.0
2023-02-28,1112051,35146.0
2023-03-21,1120066,14202.0
2023-05-13,1113073,29723.0
2023-11-21,1119076,37881.0
2023-12-05,1101056,9654.0
2023-04-24,1125052,28171.0
2023-07-03,1124062,2736.0
2023-05-31,1110051,9805.0
2023-03-10,1113066,7791.0
2023-03-10,1109069,14044.0
2023-10-15,1124053,7410.0
2023-04-19,1116073,85520.0
2023-09-17,1114074,24356.0
2023-10-14,1111056,17267.0
2023-02-03,1123077,78520.0
2023-02-26,1124052,3634.0
2023-07-03,1116063,9031.0
2023-08-20,1103058,7035.0
2023-04-02,1125074,11695.0
2023-05-31,1120055,8991.0
2023-07-05,1106091,8584.0
2023-01-17,1108063,10562.0
2023-04-14,1110061,5557.0
2023-05-20,1108078,5441.0
2023-01-14,1101063,52805.0
2023-04-26,1120073,
2023-11-11,1123073,2367.0
2023-04-01,1125070,10084.0
2023-09-02,1122055,12433.0
2023-08-26,1104056,37786.0
2023-05-17,1117069,32703.0
2023-06-25,1108068,7609.0
2023-01-26,1124062,2584.0
2023-10-11,1115052,32022.0
2023-08-28,1124077,103245.0
2023-07-30,1102067,2652.0
2023-11-04,1104062,12801.0
2023-03-08,1120054,21886.0
2023-07-22,1110060,6220.0
2023-12-15,1107054,12196.0
2023-06-20,1114076,27562.0
2023-12-28,1101067,10582.0
2023-02-07,1120055,8430.0
2023-01-29,1124063,14599.0
2023-08-23,1101060,2322.0
2023-10-09,1101058,5845.0
2023-06-19,1116069,18049.0
2023-05-28,1119069,7912.0
2023-12-22,1110065,24219.0
2023-06-20,1115059,4152.0
2023-08-30,1112067,20319.0
2023-10-09,1119063,12164.0
2023-03-21,1122056,3434.0
2023-05-23,1122068,11722.0
2023-06-04,1101053,51309.0
2023-12-28,1107064,7809.0
2023-11-25,1125059,2604.0
2023-10-23,1105060,34598.0
2023-04-06,1108068,12053.0
2023-08-13,1111064,3860.0
2023-07-14,1111077,13259.0
2023-04-15,1117052,2701.0
2023-04-11,1118060,7613.0
2023-06-23,1111066,57107.0
2023-02-02,1121073,24350.0
2023-09-22,1103070,6321.0
2023-07-02,1124062,1193.0
2023-01-24,1105055,1762.0
2023-07-27,1107057,6305.0
2023-04-25,1124054,3382.0
2023-03-15,1109074,17432.0
2023-05-24,1119073,27046.0
2023-03-01,1116057,3000.0
2023-03-03,1122064,32602.0
2023-10-31,1108064,13389.0
2023-02-17,1121057,16185.0
2023-07-27,1121065,2879.0
2023-07-05,1107071,30269.0
2023-09-21,1123078,21866.0
2023-07-31,1120055,8482.0
2023-11-06,11250760,0.0
2023-01-18,1109064,10257.0
2023-11-03,1124081,30471.0
2023-07-31,1125054,14090.0
2023-10-03,1101054,4585.0
2023-01-11,1112067,19594.0
2023-06-26,1123063,85163.0
2023-06-01,1114060,51127.0
2023-11-22,1116064,54414.0
2023-08-25,1125074,20288.0
2023-03-09,1111072,17357.0
2023-06-04,1122063,6076.0
2023-03-30,1102057,41343.0
2023-05-25,1117055,7789.0
2023-01-25,1125065,15647.0
2023-04-02,1123052,33012.0
2023-05-30,1124066,36465.0
2023-10-19,1104067,6067.0
2023-08-15,1121069,14732.0
2023-10-18,1103072,9850.0
2023-06-12,1121064,83439.0
2023-04-20,1122066,85558.0
2023-10-30,1123065,18903.0
2023-12-13,1108058,16059.0
2023-07-23,1111051,5965.0
2023-07-30,1110060,4471.0
2023-11-07,1121054,4388.0
2023-10-22,1108078,3670.0
2023-06-17,1109061,7806.0
2023-08-06,1104068,20197.0
2023-10-12,1101054,4731.0
2023-11-06,1123060,13981.0
2023-12-07,1111074,7435.0
2023-02-16,1120054,21098.0
2023-06-13,1112059,19292.0
2023-08-11,1112055,39528.0
2023-06-08,1125052,28876.0
2023-06-30,1109061,10210.0
2023-12-31,1121083,10312.0
2023-03-15,1119054,158957.0
2023-12-25,1103051,4451.0
2023-06-14,1106073,12934.0
2023-02-28,1104066,29079.0
2023-11-08,1123060,14201.0
2023-07-14,1124056,6985.0
2023-03-04,1104052,13877.0
2023-01-09,1102055,94638.0
2023-04-26,1103070,
2023-03-27,1117052,4082.0
2023-01-01,1123053,11678.0
2023-05-06,1115065,2093.0
2023-11-01,1116055,9080.0
2023-02-15,1110060,7534.0
2023-04-16,1111072,8459.0
2023-01-02,1124055,10358.0
2023-09-16,1113062,33444.0
2023-02-18,1104058,3469.0
2023-05-19,1120069,6682.0
2023-10-17,1104065,13352.0
2023-12-15,1103063,6510.0
2023-12-27,1114068,6942.0
2023-08-12,1114061,2897.0
2023-05-29,1122057,13330.0
2023-06-10,1116065,1599.0
2023-12-19,1119066,4619.0
2023-01-07,1101073,15166.0
2023-08-10,1117056,23042.0
2023-02-10,1123076,17761.0
2023-12-11,1111069,26573.0
2023-12-02,1121073,19774.0
2023-02-17,1119067,4231.0
2023-06-14,1111065,22393.0
2023-12-10,1101061,104426.0
2023-06-01,1111066,54248.0
2023-09-13,1112072,11855.0
2023-04-30,1120070,8606.0
2023-06-01,1109069,13848.0
2023-10-07,1117069,17474.0
2023-04-05,1125070,12678.0
2023-04-11,1107057,6311.0
2023-10-18,1112052,21801.0
2023-07-18,1117065,4437.0
2023-07-01,1115066,20891.0
2023-07-16,1101054,3109.0
2023-10-27,1119054,170794.0
2023-06-20,1122051,64360.0
2023-05-22,1101053,91261.0
2023-09-05,1123079,96182.0
2023-07-13,1115062,5271.0
2023-01-05,1124067,21413.0
2023-10-31,1103074,41697.0
2023-11-24,1101058,10996.0
2023-01-29,1108065,10453.0
2023-02-26,1101068,138.0
2023-11-13,1104068,47118.0
2023-02-01,1115053,22735.0
2023-07-20,1119068,20614.0
2023-10-20,1112067,21829.0
2023-06-29,1123073,3464.0
2023-08-23,1124054,3424.0
2023-03-30,1107059,7411.0
2023-04-22,1124067,14298.0
2023-05-25,1122056,3410.0
2023-06-10,1101071,25976.0
2023-01-21,1101057,942.0
2023-10-29,1124063,17039.0
2023-09-12,1123076,18852.0
2023-05-31,1117065,4484.0
2023-11-10,1122057,25064.0
2023-12-06,1105067,14413.0
2023-08-15,1123077,38562.0
2023-11-17,1117055,7433.0
2023-10-07,1120073,52416.0
2023-12-10,1102071,13308.0
2023-02-26,1103052,13795.0
2023-06-16,1116065,2359.0
2023-08-26,1124069,22974.0
2023-11-24,1103053,45645.0
2023-04-11,1104072,5294.0
2023-09-12,1122057,23602.0
2023-01-01,1116054,14673.0
2023-06-11,1104070,22501.0
2023-12-14,1106086,12028.0
2023-01-23,1120055,4126.0
2023-07-07,1106081,80183.0
2023-11-10,1121079,10452.0
2023-09-29,1119056,17912.0
2023-07-23,1124067,9720.0
2023-04-01,1111076,10271.0
2023-01-19,1121082,9726.0
2023-07-27,1106082,30072.0
2023-07-30,1125066,34244.0
2023-06-12,1104065,13085.0
2023-04-02,1125053,11318.0
2023-02-28,1119069,19610.0
2023-07-10,1108076,9521.0
2023-01-06,1106082,30149.0
2023-04-18,1122056,3145.0
2023-01-27,1103052,15032.0
2023-12-06,1104055,25056.0
2023-12-22,1108058,15649.0
2023-01-03,1111078,23338.0
2023-05-06,1112074,10248.0
2023-12-01,1104057,14890.0
2023-04-14,1105057,18288.0
2023-05-25,1117054,104714.0
2023-09-19,1104071,8535.0
2023-01-27,1116074,35596.0
2023-03-20,1114059,22001.0
2023-08-15,1117052,2156.0
2023-04-13,1123065,19051.0
2023-09-25,1107068,5184.0
2023-05-11,1108059,5660.0
2023-07-27,1115069,6242.0
2023-01-22,1125063,1964.0
2023-02-18,1108082,45142.0
2023-04-28,1106090,10954.0
2023-01-27,1119073,29286.0
2023-06-19,1116070,20689.0
2023-01-07,1116069,12994.0
2023-11-08,1117055,7775.0
2023-10-08,1105058,2171.0
2023-06-14,1106082,33003.0
2023-12-22,1113065,6048.0
2023-10-29,1125061,9056.0
2023-07-02,1117051,43704.0
2023-04-12,1106073,13507.0
2023-03-01,1119074,38127.0
2023-03-16,1119061,14348.0
2023-03-03,1107062,27306.0
2023-07-12,1123053,67982.0
2023-12-13,1120069,7060.0
2023-05-18,1111069,26897.0
2023-08-25,1101069,5276.0
2023-12-25,1107068,3031.0
2023-07-10,1111079,37321.0
2023-06-14,1102060,68576.0
2023-06-19,1101064,47280.0
2023-01-05,1118061,12011.0
2023-08-06,1109070,14315.0
2023-09-28,1106087,7841.0
2023-02-05,1110060,4530.0
2023-03-31,1113052,20686.0
2023-12-16,1120056,5557.0
2023-11-25,1116054,26788.0
2023-02-16,1115053,22448.0
2023-08-17,1104058,5331.0
2023-07-15,1123065,11476.0
2023-06-20,1111051,13919.0
2023-10-05,1124056,6649.0
2023-09-01,1105066,7220.0
2023-02-07,1103064,2614.0
2023-03-01,1103065,14101.0
2023-03-25,1117068,17101.0
2023-08-05,1123080,10581.0
2023-11-19,1103053,27817.0
2023-01-04,1123053,65616.0
2023-02-08,1105061,23579.0
2023-03-24,1113068,24948.0
2023-01-04,1113052,17741.0
2023-11-14,1105063,20866.0
2023-09-21,1116067,29260.0
2023-11-17,1114078,33326.0
2023-04-08,1114061,3029.0
2023-10-04,1124065,10381.0
2023-08-19,1102052,50415.0
2023-02-20,1103057,5848.0
2023-11-10,1105059,56389.0
2023-10-04,1119056,58279.0
2023-05-14,1102065,4151.0
2023-12-02,1110064,8436.0
2023-07-14,1118060,7806.0
2023-09-03,1112051,18185.0
2023-07-02,1122057,12059.0
2023-01-24,1123071,2093.0
2023-02-13,1125052,26985.0
2023-08-17,1124080,18919.0
2023-01-13,1115070,12747.0
2023-07-23,1121063,37973.0
2023-01-06,1111079,38722.0
2023-02-28,1103066,4219.0
2023-03-23,1104054,13380.0
2023-07-14,1105064,7028.0
2023-02-13,1116059,5179.0
2023-09-11,1111056,28899.0
2023-01-17,1109070,26989.0
2023-12-02,1116066,1402.0
2023-09-18,1122059,14349.0
2023-03-22,1125051,12876.0
2023-11-09,1102065,6695.0
2023-06-17,1109072,36934.0
2023-05-31,1124079,29951.0
2023-08-04,1103053,38724.0
2023-07-06,1118060,8176.0
2023-05-15,1121073,32292.0
2023-12-30,1102065,5153.0
2023-08-13,1115053,11075.0
2023-08-15,1123075,23119.0
2023-10-28,1119065,5621.0
2023-07-25,1107072,27546.0
2023-06-06,1123058,31333.0
2023-03-13,1107071,33263.0
2023-10-23,1103057,6232.0
2023-11-13,1120065,6879.0
2023-09-14,1108076,9650.0
2023-10-15,1108058,8717.0
2023-09-20,1115059,4031.0
2023-04-09,1102071,14064.0
2023-10-05,1122053,82196.0
2023-02-21,1110059,48312.0
2023-11-20,1108084,20134.0
2023-01-02,1115059,3370.0
2023-05-04,1123075,45861.0
2023-07-18,1111079,37707.0
2023-03-04,1116058,3549.0
2023-01-09,1122061,7841.0
2023-07-21,1106088,17230.0
2023-04-22,1122055,12260.0
2023-03-23,1115054,9856.0
2023-02-18,1120071,17360.0
2023-11-17,1102052,97432.0
2023-07-01,1108071,8976.0
2023-02-03,1116072,8877.0
2023-01-08,1118061,6450.0
2023-02-14,1115064,6574.0
2023-08-08,1123066,26148.0
2023-02-15,1125072,3068.0
2023-07-02,1103074,24632.0
2023-01-19,1114072,8104.0
2023-11-26,1111056,13047.0
2023-02-04,1120054,15251.0
2023-05-03,1124068,5049.0
2023-10-12,1116074,38084.0
2023-05-01,1112067,15203.0
2023-12-28,1115065,3424.0
2023-10-05,1108078,7212.0
2023-07-06,1112057,11152.0
2023-10-21,1120055,7555.0
2023-10-28,1111056,18726.0
2023-04-09,1122056,1400.0
2023-03-18,1113073,27984.0
2023-01-04,1109073,7589.0
2023-11-15,1114073,34637.0
2023-02-14,1103051,5915.0
2023-01-03,1117070,6655.0
2023-04-05,1112068,8648.0
2023-10-29,1119062,9382.0
2023-07-23,1102072,1397.0
2023-03-14,1107060,40436.0
2023-09-10,1114069,5250.0
2023-01-02,1121057,14375.0
2023-11-22,1102059,51806.0
2023-04-30,1123074,6893.0
2023-03-19,1109074,12702.0
2023-09-16,1112066,14364.0
2023-07-07,1120072,67699.0
2023-10-06,1120067,4635.0
2023-04-22,1123059,18517.0
2023-12-16,1114073,24952.0
2023-08-20,1123058,29687.0
2023-05-26,1110060,7971.0
2023-09-29,1108076,4160.0
2023-10-20,1111059,27554.0
2023-04-11,1103057,6035.0
2023-06-05,1117071,28161.0
2023-06-08,1108065,21344.0
2023-01-02,1119061,13097.0
2023-11-28,1122057,23126.0
2023-09-17,1113076,20370.0
2023-11-30,1102059,50507.0
2023-06-18,1124078,51546.0
2023-06-23,1123079,106892.0
2023-08-12,1122061,5094.0
2023-12-02,1106084,7331.0
2023-06-26,1122062,24763.0
2023-09-16,1109075,7980.0
2023-11-11,1123080,12198.0
2023-03-12,1124062,1001.0
2023-06-21,1119073,27432.0
2023-12-27,1107065,14641.0
2023-09-16,1122055,12289.0
2023-02-10,1111074,7279.0
2023-07-28,1120073,55344.0
2023-08-01,1114063,2557.0
2023-08-23,1113072,11624.0
2023-01-25,1108081,12030.0
2023-07-21,1114075,9041.0
2023-03-05,1113073,18439.0
2023-09-06,1120068,50846.0
2023-12-18,1104055,23390.0
2023-04-04,1121054,4251.0
2023-10-21,1112066,14995.0
2023-05-20,1121080,76445.0
2023-08-24,1124068,5121.0
2023-01-04,1124058,12642.0
2023-10-23,1102057,40878.0
2023-03-27,1107064,8145.0
2023-02-01,1105058,3645.0
2023-08-06,1123064,51587.0
2023-08-27,1103074,26221.0
2023-08-09,1110060,7912.0
2023-11-05,1109063,8391.0
2023-03-20,1123075,43822.0
2023-04-18,1119066,4315.0
2023-12-08,1110052,10242.0
2023-12-17,1107072,15194.0
2023-12-09,1120072,58034.0
2023-07-17,1113065,5949.0
2023-01-13,1117062,10126.0
2023-04-29,1104059,7251.0
2023-02-23,1115066,28451.0
2023-08-18,1111078,25845.0
2023-12-04,1109063,14751.0
2023-06-15,1122060,97176.0
2023-03-27,1103052,16493.0
2023-12-18,1107068,4885.0
2023-01-13,1117069,26771.0
2023-06-29,1114070,4912.0
2023-04-05,1114076,28067.0
2023-04-04,1119070,5934.0
2023-01-06,1119062,19799.0
2023-12-07,1123073,3725.0
2023-07-26,1124069,42577.0
2023-11-29,1107069,27211.0
2023-07-25,1124067,22628.0
2023-12-31,1125072,2160.0
2023-08-19,1114072,5730.0
2023-11-25,1107065,11226.0
2023-05-12,1125071,21479.0
2023-03-07,1118054,15771.0
2023-01-08,1101071,21842.0
2023-06-26,1124062,2677.0
2023-12-17,1124060,10657.0
2023-01-22,1123053,6957.0
2023-12-16,1102052,60795.0
2023-09-16,1102060,40786.0
2023-03-08,1106071,9249.0
2023-08-31,1108058,15057.0
2023-12-22,1122053,84499.0
2023-10-12,1118054,15873.0
2023-02-24,1124067,22796.0
2023-03-05,1121068,19769.0
2023-10-03,1122060,99193.0
2023-03-29,1123073,3852.0
2023-04-17,1121080,92868.0
2023-11-10,1103072,10205.0
2023-08-15,1123079,44130.0
2023-02-15,1120071,26610.0
2023-02-10,1109064,10412.0
2023-09-15,1108082,68382.0
2023-03-26,1115059,2048.0
2023-09-28,1101070,4320.0
2023-06-23,1115066,32129.0
2023-01-04,1119066,4143.0
2023-02-17,1108059,5848.0
2023-11-18,1123052,57428.0
2023-11-15,1121081,11882.0
2023-01-14,1106073,8778.0
2023-02-27,1104058,4799.0
2023-03-19,1119066,2638.0
2023-04-27,1119070,5799.0
2023-02-02,1117061,12655.0
2023-09-27,1108063,12382.0
2023-07-04,1111053,12911.0
2023-10-05,1122056,3228.0
2023-06-01,1101058,11555.0
2023-11-17,1112065,29811.0
2023-10-06,1119070,5781.0
2023-03-13,1123080,16279.0
2023-11-13,1119063,20668.0
2023-11-27,1123076,18333.0
2023-07-27,1122052,123840.0
2023-05-24,1111052,14690.0
2023-12-15,1122062,26325.0
2023-11-09,1122062,26621.0
2023-04-15,1116066,1434.0
2023-02-17,1120055,8790.0
2023-01-06,1116065,2214.0
2023-03-18,1121062,30315.0
2023-12-30,1124080,14157.0
2023-07-16,1111053,7263.0
2023-03-23,1116054,37674.0
2023-01-08,1125053,9795.0
2023-01-05,1110054,6071.0
2023-01-16,1102072,2553.0
2023-05-17,1124062,2662.0
2023-07-15,1122051,30589.0
2023-01-06,1111058,11237.0
2023-11-02,1112051,36733.0
2023-08-23,1116051,14314.0
2023-02-23,1103064,2569.0
2023-05-14,1122056,1928.0
2023-05-27,1105059,33848.0
2023-08-25,1119068,20704.0
2023-08-18,1115066,30701.0
2023-08-02,1122061,7602.0
2023-08-20,1110056,2943.0
2023-06-29,1102052,86429.0
2023-08-08,1116051,14986.0
2023-08-14,1122053,64243.0
2023-04-20,1117054,103738.0
2023-02-12,1105067,10265.0
2023-04-01,1107054,9563.0
2023-06-23,1112073,12836.0
2023-08-24,1106084,10065.0
2023-07-20,1110059,48482.0
2023-02-25,1115072,21568.0
2023-07-07,1115065,3708.0
2023-11-15,1123075,45206.0
2023-05-03,1125074,19652.0
2023-05-05,1111058,5633.0
2023-03-09,1110064,10786.0
2023-12-27,1105057,18275.0
2023-10-05,1123076,18554.0
2023-05-25,1107062,29053.0
2023-03-18,1124078,15711.0
2023-04-10,1119062,20490.0
2023-03-04,1123065,10998.0
2023-02-14,1124082,14898.0
2023-03-12,1125074,9924.0
2023-11-11,1115059,2420.0
2023-05-04,1121073,33860.0
2023-04-03,1104070,48809.0
2023-08-06,1117072,17607.0
2023-11-02,1102052,100413.0
2023-06-28,1111078,27373.0
2023-08-07,1103051,5738.0
2023-04-06,1122058,10893.0
2023-10-21,1112065,22847.0
2023-05-29,1113065,4152.0
2023-12-16,1117072,27623.0
2023-09-24,1106083,40780.0
2023-12-31,1116066,1223.0
2023-07-07,1101061,204606.0
2023-08-13,1122068,6343.0
2023-02-12,1110061,3140.0
2023-10-05,1115063,6443.0
2023-09-24,1121057,11401.0
2023-05-06,1122063,5992.0
2023-07-02,1119076,14731.0
2023-11-22,1103070,5508.0
2023-04-18,1101064,50596.0
2023-05-31,1123058,65358.0
2023-10-23,1112065,29061.0
2023-05-08,1117051,73147.0
2023-06-15,1114060,48922.0
2023-09-09,1115053,16679.0
2023-04-13,1105067,15214.0
2023-04-21,1124061,20101.0
2023-08-16,1101061,192604.0
2023-10-02,1116070,9717.0
2023-01-26,1111059,25114.0
2023-10-14,1116054,25729.0
2023-06-30,1113076,32705.0
2023-08-20,1123080,8856.0
2023-02-28,1124054,3242.0
2023-06-01,1115057,4909.0
2023-11-14,1111069,27166.0
2023-09-26,1107065,15176.0
2023-03-19,1123052,34604.0
2023-10-25,1109073,7757.0
2023-08-20,1101072,5261.0
2023-08-23,1110056,4638.0
2023-02-24,1105057,17623.0
2023-06-12,1110054,6373.0
2023-06-25,1102055,65392.0
2023-11-10,1115064,6870.0
2023-03-14,1114071,6945.0
2023-09-24,1113075,54937.0
2023-08-18,1114060,45920.0
2023-11-23,1121083,15873.0
2023-11-09,1112071,47540.0
2023-11-03,1109069,13537.0
2023-10-28,1107073,16818.0
2023-07-30,1124063,14872.0
2023-08-22,1108066,38646.0
2023-06-20,1125065,17980.0
2023-12-08,1113069,14960.0
2023-07-14,1106084,10038.0
2023-07-09,1101054,2627.0
2023-09-28,1109070,16770.0
2023-09-25,1101057,2266.0
2023-04-01,1112059,15428.0
2023-10-25,1108085,34277.0
2023-01-24,1111066,25274.0
2023-10-12,1120068,49570.0
2023-11-23,1115061,4266.0
2023-12-21,1119072,40178.0
2023-04-19,1108081,16449.0
2023-06-14,1108062,13756.0
2023-08-21,1123079,91325.0
2023-06-06,1105053,47568.0
2023-07-23,1108063,5791.0
2023-10-01,1124075,10339.0
2023-03-06,1101063,72976.0
2023-12-05,1121069,21520.0
2023-12-08,1120068,49471.0
2023-03-01,1114078,16633.0
2023-05-22,1106073,13191.0
2023-09-17,1106072,18124.0
2023-05-08,1102052,86574.0
2023-06-06,1124062,1173.0
2023-03-12,1124079,14060.0
2023-11-14,1125055,4134.0
2023-09-24,1103066,3942.0
2023-12-16,1109070,22461.0
2023-08-04,1123071,6658.0
2023-12-03,1124068,2416.0
2023-01-30,1103074,34979.0
2023-07-09,1121082,5428.0
2023-05-09,1101061,195297.0
2023-08-05,1119055,18408.0
2023-04-28,1103070,6409.0
2023-06-30,1110059,50298.0
2023-06-11,1116064,21196.0
2023-11-28,1104052,20502.0
2023-06-28,1108064,8075.0
2023-01-20,1123065,18167.0
2023-02-07,1111066,53012.0
2023-08-04,1108064,6427.0
2023-06-19,1108083,18576.0
2023-12-30,1108084,14288.0
2023-08-19,1112073,9533.0
2023-10-11,1121063,79408.0
2023-12-26,1125070,12148.0
2023-05-22,1112068,9207.0
2023-08-02,1108060,20357.0
2023-04-20,1116064,52388.0
2023-07-29,1123066,14067.0
2023-11-06,1124064,7992.0
2023-03-28,1102058,17499.0
2023-08-06,1115061,2305.0
2023-11-13,1108061,16450.0
2023-11-20,1107068,5046.0
2023-02-12,1107061,2123.0
2023-10-02,1115054,6050.0
2023-06-23,1120069,6871.0
2023-11-01,1106087,20433.0
2023-07-16,1112067,10845.0
2023-08-13,1104052,9585.0
2023-04-04,1102054,146264.0
2023-10-15,1102052,45782.0
2023-02-27,1116070,20178.0
2023-09-10,1108085,18878.0
2023-01-10,1108060,19966.0
2023-06-14,1121062,37408.0
2023-09-21,1123059,40979.0
2023-06-26,1101057,1946.0
2023-10-27,1109063,15607.0
2023-05-24,1106090,10780.0
2023-05-03,1113069,14968.0
2023-02-10,1121071,6130.0
2023-08-02,1115065,3280.0
2023-12-21,1109074,15139.0
2023-05-24,1116072,9422.0
2023-12-29,1118060,8059.0
2023-01-22,1101069,1784.0
2023-08-31,1102072,2713.0
2023-08-17,1115057,4698.0
2023-10-27,1120072,68976.0
2023-05-23,1119072,43353.0
2023-01-08,1123052,31336.0
2023-01-16,1123053,65851.0
2023-08-26,1113075,71686.0
2023-05-14,1121072,17077.0
2023-07-20,1117056,27542.0
2023-01-14,1102065,4951.0
2023-11-01,1109075,9370.0
2023-03-03,1105056,6376.0
2023-09-01,1114074,63000.0
2023-03-22,1116058,4792.0
2023-11-03,1120055,8835.0
2023-04-06,1120072,66023.0
2023-07-20,1112065,29122.0
2023-05-07,1112073,6566.0
2023-12-07,1118059,3805.0
2023-01-11,1121069,22283.0
2023-06-30,1111076,12405.0
2023-07-01,1104068,31480.0
2023-02-10,1116074,36387.0
2023-06-11,1115066,15712.0
2023-10-12,1123064,158336.0
2023-08-01,1109070,25186.0
2023-10-08,1104062,9565.0
2023-01-19,1107062,25650.0
2023-02-23,1107060,40315.0
2023-11-21,1107060,39802.0
2023-07-27,1125073,11502.0
2023-06-11,1107065,7844.0
2023-07-18,1101067,10797.0
2023-04-21,1125058,22671.0
2023-11-25,1115072,20256.0
2023-05-20,1117072,28946.0
2023-05-01,1107062,19898.0
2023-12-05,1109071,33675.0
2023-09-02,1120072,57000.0
2023-09-30,1112060,2697.0
2023-09-20,1115060,6357.0
2023-01-14,1120070,10040.0
2023-04-24,1103057,6156.0
2023-08-02,1101072,7005.0
2023-10-29,1102060,29975.0
2023-03-22,1114078,33644.0
2023-08-25,1113066,8077.0
2023-01-25,1107068,4272.0
2023-11-13,1111051,14070.0
2023-05-14,1122057,12846.0
2023-02-13,1103069,7555.0
2023-01-15,1106087,9463.0
2023-03-02,1115059,4052.0
2023-08-28,1104067,6084.0
2023-10-09,1109070,18187.0
2023-04-13,1102055,111633.0
2023-11-24,1106081,78986.0
2023-06-14,1107071,32724.0
2023-12-22,1101069,5389.0
2023-02-17,1118054,15765.0
2023-09-09,1107071,23313.0
2023-07-30,1105061,13364.0
2023-09-23,1124060,16698.0
2023-04-26,1120054,
2023-11-06,1103066,4196.0
2023-10-17,1120067,4451.0
2023-11-06,1111066,50823.0
2023-06-22,1111073,3966.0
2023-03-23,1114078,33929.0
2023-01-09,1125056,4905.0
2023-04-15,1121080,70354.0
2023-05-23,1115059,4147.0
2023-04-24,1123073,3608.0
2023-11-30,1109060,59531.0
2023-10-25,1105061,24109.0
2023-05-12,1122065,11518.0
2023-01-27,1116061,15689.0
2023-12-11,1111060,9205.0
2023-01-17,1122060,91804.0
2023-05-17,1113070,16024.0
2023-12-13,1102060,69989.0
2023-12-22,11230511,
2023-09-16,1123053,38203.0
2023-07-07,1115058,8241.0
2023-07-13,1119075,5403.0
2023-09-05,1104069,3541.0
2023-08-05,1106081,52639.0
2023-07-22,1101072,5610.0
2023-04-13,1121068,33773.0
2023-10-26,1119054,162790.0
2023-03-21,1123073,3770.0
2023-03-29,1105055,4706.0
2023-09-05,1115069,6281.0
2023-04-14,1102052,92517.0
2023-06-30,1113073,53787.0
2023-06-21,1121065,2728.0
2023-04-09,1123067,14629.0
2023-11-27,1108064,11923.0
2023-08-30,1105067,14732.0
2023-10-06,1108072,29245.0
2023-04-26,1123080,
2023-04-08,1113062,34660.0
2023-05-29,1107060,28575.0
2023-12-29,1121057,15978.0
2023-10-11,1123078,21615.0
2023-06-16,1108066,42708.0
2023-01-17,1109073,7489.0
2023-06-28,1103074,43538.0
2023-01-25,1124079,23523.0
2023-02-18,1101054,4056.0
2023-08-02,1119074,50613.0
2023-10-27,1106071,8481.0
2023-07-15,1122068,5782.0
2023-10-26,1117064,11580.0
2023-04-27,1121079,10786.0
2023-07-25,1111061,7087.0
2023-01-26,1118058,7144.0
2023-12-12,1110062,12558.0
2023-05-02,1103069,8797.0
2023-10-30,1113071,6307.0
2023-01-24,1124079,10501.0
2023-08-09,1115051,63271.0
2023-02-16,1101072,7311.0
2023-05-27,1118054,12142.0
2023-08-14,1105053,59121.0
2023-12-09,1108061,11953.0
2023-01-17,1105061,22384.0
2023-11-04,1122055,12328.0
2023-10-23,1113062,43980.0
2023-12-04,1106086,11582.0
2023-09-29,1107052,2852.0
2023-06-28,1123065,20613.0
2023-01-04,1122051,58974.0
2023-10-14,1108083,14829.0
2023-05-25,1120054,22830.0
2023-07-03,1119067,4492.0
2023-01-24,1106083,25575.0
2023-10-18,1105055,4909.0
2023-06-02,1119061,14315.0
2023-01-22,1113068,7859.0
2023-08-09,1112066,19687.0
2023-02-08,1104058,4995.0
2023-04-07,1118053,10351.0
2023-11-19,1124052,3572.0
2023-12-08,1124061,20090.0
2023-01-22,1112071,16933.0
2023-05-19,1103058,15714.0
2023-06-12,1111072,17335.0
2023-08-30,1108062,12986.0
2023-10-05,1109063,15626.0
2023-07-20,1115052,31661.0
2023-01-15,1125053,9617.0
2023-03-27,1116064,51549.0
2023-01-05,1114059,21429.0
2023-04-28,1104073,19192.0
2023-07-24,1101057,2038.0
2023-11-29,1124082,16494.0
2023-08-19,1119063,14549.0
2023-12-29,1102072,2653.0
2023-09-19,1108082,68228.0
2023-01-16,1117072,33830.0
2023-12-10,1110052,5625.0
2023-09-01,1120052,15193.0
2023-11-16,1121069,21346.0
2023-12-06,1111074,7235.0
2023-11-18,1102068,3894.0
2023-04-01,1108084,16206.0
2023-08-07,1101053,80151.0
2023-11-25,1125072,2227.0
2023-03-31,1119069,20028.0
2023-11-04,1124060,16148.0
2023-09-04,1111066,53711.0
2023-09-15,1110052,10395.0
2023-04-26,1124080,
2023-11-04,1123058,43233.0
2023-05-04,1106087,20560.0
2023-06-15,1120063,9598.0
2023-03-23,1122054,13394.0
2023-04-16,1108082,35456.0
2023-12-19,1123080,19410.0
2023-09-21,1104057,15436.0
2023-03-02,1112059,19378.0
2023-02-21,1123067,31331.0
2023-10-21,1113065,5058.0
2023-12-11,1125072,3157.0
2023-01-30,1119074,48108.0
2023-01-07,1123074,8509.0
2023-06-28,1125058,22541.0
2023-06-17,1107073,16746.0
2023-03-25,1103074,38483.0
2023-09-27,1119066,4722.0
2023-11-09,1113065,6448.0
2023-02-06,1111053,12148.0
2023-04-03,1114077,56572.0
2023-10-15,1107070,5514.0
2023-10-06,1114068,6700.0
2023-08-25,1124078,23905.0
2023-05-16,1120070,17551.0
2023-09-24,1125052,12969.0
2023-10-12,1112068,11331.0
2023-03-31,1113073,56198.0
2023-05-14,1123067,15565.0
2023-03-24,1114066,211905.0
2023-02-17,1124075,25835.0
2023-05-26,1103065,20782.0
2023-01-21,1120055,4873.0
2023-01-31,1116074,35499.0
2023-12-31,1110051,5302.0
2023-08-24,1115052,30568.0
2023-11-12,1115057,2500.0
2023-02-16,1111056,25759.0
2023-02-14,1121078,14430.0
2023-06-09,1116061,16496.0
2023-10-30,1125070,12235.0
2023-07-12,1103059,3479.0
2023-01-15,1110052,5565.0
2023-12-04,1102057,39766.0
2023-06-12,1117072,35089.0
2023-03-06,1122062,26484.0
2023-08-06,1119072,28658.0
2023-01-02,1111078,22364.0
2023-09-25,1125058,22777.0
2023-06-17,1116057,4074.0
2023-01-17,1102055,95151.0
2023-03-29,1117056,26271.0
2023-09-08,1108068,12026.0
2023-02-08,1105060,34540.0
2023-10-23,1111061,6368.0
2023-12-31,1124061,12400.0
2023-02-02,1110057,9505.0
2023-12-14,1123064,160000.0
2023-06-10,1125074,14732.0
2023-05-06,1114076,18378.0
2023-05-22,1117071,29972.0
2023-09-17,1123074,7076.0
2023-08-16,1109072,42644.0
2023-04-17,1106071,9259.0
2023-06-25,1125066,37843.0
2023-12-11,1121058,16125.0
2023-10-09,1101061,124953.0
2023-11-03,1102072,2651.0
2023-06-01,1122054,13865.0
2023-01-09,1121072,28125.0
2023-02-11,1101056,7425.0
2023-05-30,1123077,71709.0
2023-10-24,1101069,5752.0
2023-05-18,1103071,9303.0
2023-11-24,1112067,20707.0
2023-08-28,1123073,3700.0
2023-05-14,1110056,3070.0
2023-07-08,1111059,18201.0
2023-10-03,1119076,12661.0
2023-09-21,1125059,3751.0
2023-04-30,1110063,22614.0
2023-10-14,1123067,22808.0
2023-11-15,1116059,5666.0
2023-09-15,1102057,40356.0
2023-12-04,1107069,26642.0
2023-06-19,1123076,17869.0
2023-08-28,1109064,10138.0
2023-06-14,1112074,15723.0
2023-08-17,1114060,42881.0
2023-05-27,1114073,23530.0
2023-07-22,1114066,197639.0
2023-11-01,1113071,6315.0
2023-08-15,1110052,6150.0
2023-04-07,1104066,31626.0
2023-10-25,1101067,10964.0
2023-03-25,1120073,45888.0
2023-09-30,1105057,7034.0
2023-02-06,1116070,20229.0
2023-08-07,1123068,4044.0
2023-03-12,1112052,11324.0
2023-04-16,1116054,19371.0
2023-12-22,1119054,166253.0
2023-03-16,1123059,40186.0
2023-07-04,1114060,44773.0
2023-12-03,1102069,17288.0
2023-01-26,1112074,15396.0
2023-02-12,1122067,11450.0
2023-12-01,1124055,12176.0
2023-10-06,1124079,31892.0
2023-03-20,1107052,7116.0
2023-03-26,1108068,7600.0
2023-01-10,1108062,11900.0
2023-01-28,1121068,23546.0
2023-12-26,1108082,59378.0
2023-08-26,1105066,5624.0
2023-09-05,1110051,9676.0
2023-09-05,1102068,5337.0
2023-11-21,1107061,3737.0
2023-06-19,1108066,40076.0
2023-05-17,1103053,49187.0
2023-09-06,1103066,4588.0
2023-02-21,1103057,5820.0
2023-03-09,1123079,98281.0
2023-08-15,1120056,4268.0
2023-06-06,1121072,16851.0
2023-01-15,1109063,8374.0
2023-10-28,1109070,22629.0
2023-01-22,1104059,3698.0
2023-05-18,1108061,17316.0
2023-10-19,1105053,62370.0
2023-05-20,1120052,11775.0
2023-02-28,1105060,35455.0
2023-06-27,1108072,26314.0
2023-06-03,1119062,12403.0
2023-07-14,1122064,27802.0
2023-03-23,1124056,6686.0
2023-06-26,1104070,45824.0
2023-12-10,1124075,11237.0
2023-09-12,1107070,11451.0
2023-01-03,1120053,51312.0
2023-02-14,1125056,5113.0
2023-12-21,1116067,28300.0
2023-05-03,1121063,80970.0
2023-11-14,1112067,20887.0
2023-12-28,1103051,6028.0
2023-12-16,1124058,12703.0
2023-06-29,1121068,30906.0
2023-08-24,1104073,18032.0
2023-07-29,1120067,3070.0
2023-12-20,1117071,30268.0
2023-08-23,1117068,25964.0
2023-02-28,1113062,44195.0
2023-06-16,1123058,72427.0
2023-04-04,1102065,6444.0
2023-06-13,1118055,11619.0
2023-03-10,1118061,13163.0
2023-10-14,1121052,8541.0
2023-05-24,1123074,15391.0
2023-01-06,1114071,6991.0
2023-01-25,1112059,16591.0
2023-01-30,1107054,11280.0
2023-11-27,1108059,5682.0
2023-06-09,1122057,24633.0
2023-05-17,1104073,18625.0
2023-04-29,1112052,14805.0
2023-03-13,1117067,15312.0
2023-11-29,1108059,5965.0
2023-09-09,1124078,34810.0
2023-02-08,1125065,17663.0
2023-06-22,1119071,5317.0
2023-12-19,1123059,41005.0
2023-11-06,1104065,13439.0
2023-06-22,1116057,5219.0
2023-11-11,1117065,3247.0
2023-02-26,1119076,14256.0
2023-09-14,1116054,38029.0
2023-05-29,1108058,9334.0
2023-06-25,1120073,31781.0
2023-11-18,1107061,2829.0
2023-01-22,1112057,4365.0
2023-05-22,1107060,39682.0
2023-04-05,1113072,11869.0
2023-08-02,1116065,2273.0
2023-05-04,1125061,14943.0
2023-06-25,1101058,5558.0
2023-10-05,1113072,11904.0
2023-04-17,1114077,55044.0
2023-06-21,1125073,11443.0
2023-11-08,1124078,32718.0
2023-01-14,1114076,20311.0
2023-10-27,1123052,83189.0
2023-03-19,1104065,8820.0
2023-11-29,1114073,33302.0
2023-09-05,1108059,6022.0
2023-02-14,1101064,52891.0
2023-06-14,1121083,16657.0
2023-05-03,1113073,56721.0
2023-11-11,1122054,10070.0
2023-12-01,1124059,32248.0
2023-08-04,1112065,27022.0
2023-11-26,1103059,1763.0
2023-12-13,1119061,14757.0
2023-05-30,1120066,14002.0
2023-10-04,1121073,31844.0
2023-12-26,1108066,38593.0
2023-03-11,1125072,2343.0
2023-06-17,1125055,2700.0
2023-01-07,1115054,7328.0
2023-02-08,1102067,3776.0
2023-10-10,1102068,5268.0
2023-10-15,1124065,5435.0
2023-01-12,1119065,6489.0
2023-01-30,1104067,5926.0
2023-08-29,1116074,35820.0
2023-06-01,1121064,87196.0
2023-08-18,1113072,12459.0
2023-12-11,1101072,7161.0
2023-08-10,1125071,17677.0
2023-01-28,1115070,7865.0
2023-02-19,1118053,6004.0
2023-08-10,1125056,4627.0
2023-12-28,1109062,7363.0
2023-06-04,1112052,13721.0
2023-11-14,1106081,77629.0
2023-01-20,1114070,5078.0
2023-02-07,1101073,15738.0
2023-08-28,1125063,4502.0
2023-11-20,1120065,6748.0
2023-12-18,1111060,8876.0
2023-10-23,1115070,12767.0
2023-12-28,1112067,19948.0
2023-06-22,1121065,2691.0
2023-10-05,1115061,4449.0
2023-10-06,1124077,118639.0
2023-04-09,1123060,9301.0
2023-07-29,1121082,7327.0
2023-03-11,1123067,22414.0
2023-08-14,1124077,110764.0
2023-09-02,1124062,1694.0
2023-05-07,1112051,18917.0
2023-02-25,1104072,3918.0
2023-10-09,1113073,20056.0
2023-09-06,1105067,17064.0
2023-04-26,1103071,
2023-04-27,1118051,95027.0
2023-01-16,1115065,3584.0
2023-04-01,1113068,19822.0
2023-08-02,1116064,50371.0
2023-07-07,1101056,9726.0
2023-12-05,1114063,2272.0
2023-05-28,1115058,3847.0
2023-05-08,1104054,12964.0
2023-07-30,1121065,1621.0
2023-09-28,1116058,2080.0
2023-01-11,1119074,49138.0
2023-08-31,1110051,8680.0
2023-12-15,1121082,10411.0
2023-12-03,1121062,21921.0
2023-01-17,1123076,16733.0
2023-11-25,1122068,6926.0
2023-01-07,1113070,8740.0
2023-03-19,1111078,14235.0
2023-03-23,1123077,72969.0
2023-05-26,1121083,17474.0
2023-12-31,1110064,7028.0
2023-07-09,1114063,1227.0
2023-10-17,1117056,25722.0
2023-07-08,1115065,2486.0
2023-11-14,1122066,84793.0
2023-01-21,1125070,4382.0
2023-10-22,1115058,4087.0
2023-07-29,1105063,14511.0
2023-05-03,1112052,22163.0
2023-03-15,1124057,11985.0
2023-01-07,1113064,6579.0
2023-06-11,1123058,29051.0
2023-10-23,1108077,16929.0
2023-02-27,1119068,19758.0
2023-11-03,1106073,12774.0
2023-10-20,1121063,87189.0
2023-09-12,1114070,5226.0
2023-09-09,1107055,4025.0
2023-04-10,1117067,15758.0
2023-07-02,1104065,7848.0
2023-04-11,1107071,32416.0
2023-12-27,1106072,31265.0
2023-07-01,1114066,201941.0
2023-08-11,1106084,8892.0
2023-02-22,1116058,4528.0
2023-10-24,1115063,6323.0
2023-06-30,1115061,5073.0
2023-10-09,1116070,9696.0
2023-11-15,1124062,2823.0
2023-08-25,1124054,3529.0
2023-08-09,1105061,22001.0
2023-06-25,1108058,8228.0
2023-07-14,1104057,15076.0
2023-08-13,1116072,4696.0
2023-02-18,1101063,58271.0
2023-09-11,1104057,14864.0
2023-10-12,1113071,6535.0
2023-02-28,1103073,104575.0
2023-12-02,1103070,4199.0
2023-09-29,1122065,2861.0
2023-02-26,1115066,16078.0
2023-08-03,1122056,2828.0
2023-08-28,1105064,6776.0
2023-02-25,1105065,5364.0
2023-05-04,1121068,35138.0
2023-05-27,1111072,10285.0
2023-03-20,1115054,9785.0
2023-04-13,1117056,26665.0
2023-08-30,1116072,9330.0
2023-11-22,1122058,12212.0
2023-05-18,1121071,6202.0
2023-11-17,1124066,38386.0
2023-11-03,1101072,8704.0
2023-06-02,1111060,9262.0
2023-04-03,1110059,49392.0
2023-10-27,1115072,32269.0
2023-08-20,1124062,1218.0
2023-08-09,1103070,5715.0
2023-07-14,1107064,8467.0
2023-03-28,1105062,38541.0
2023-11-06,1105057,17296.0
2023-01-29,1112072,6501.0
2023-02-08,1108076,9457.0
2023-12-18,1124082,15106.0
2023-12-14,1116054,38445.0
2023-09-03,1102057,15308.0
2023-07-05,1111058,13269.0
2023-01-15,1122051,19278.0
2023-06-25,1119075,3447.0
2023-12-26,1117056,24836.0
2023-06-02,1106087,20542.0
2023-03-22,1101057,2252.0
2023-05-06,1119061,6673.0
2023-12-20,1108083,19708.0
2023-11-19,1118055,6832.0
2023-08-18,1122059,14908.0
2023-12-28,1119068,19726.0
2023-12-28,1101054,4639.0
2023-01-30,1108078,6176.0
2023-01-17,1124075,25506.0
2023-11-08,1108060,27993.0
2023-03-02,1124081,31036.0
2023-11-25,1122054,10520.0
2023-06-11,1115054,5555.0
2023-09-03,1105053,44629.0
2023-09-24,1115066,16049.0
2023-07-22,1125055,2799.0
2023-10-09,1112071,28945.0
2023-05-02,1103057,6311.0
2023-02-22,1104052,19784.0
2023-02-07,1124081,30274.0
2023-11-25,1122055,11210.0
2023-06-01,1123074,15221.0
2023-12-10,1117069,13002.0
2023-09-16,1103071,6214.0
2023-10-15,1121064,54589.0
2023-11-21,1118055,11548.0
2023-01-27,1116073,81182.0
2023-11-28,1109075,9449.0
2023-05-09,1117065,4393.0
2023-02-26,1108071,6462.0
2023-07-03,1122059,14180.0
2023-06-25,1115066,16716.0
2023-07-25,1114071,6909.0
2023-02-12,1116065,1079.0
2023-09-11,1124078,17310.0
2023-05-05,1124058,8066.0
2023-09-29,1124057,3219.0
2023-12-16,1120053,42036.0
2023-01-06,1123078,22202.0
2023-02-10,1123075,45104.0
2023-09-05,1111064,7176.0
2023-09-19,1122051,66346.0
2023-04-19,1107070,11478.0
2023-01-01,1121081,5791.0
2023-02-08,1125074,18875.0
2023-11-24,1119054,170587.0
2023-02-23,1105053,63714.0
2023-03-05,1119072,32426.0
2023-12-06,1113064,10690.0
2023-06-13,1124066,37076.0
2023-07-03,1116051,14895.0
2023-10-12,1121063,81165.0
2023-06-06,1101072,6683.0
2023-11-01,1101057,2078.0
2023-12-16,1122061,5726.0
2023-06-03,1122058,9715.0
2023-01-23,1110056,2194.0
2023-11-22,1109065,21678.0
2023-03-14,1125074,19155.0
2023-07-13,1115054,9694.0
2023-01-24,1124056,2938.0
2023-01-11,1118051,95727.0
2023-11-02,1103052,20061.0
2023-07-19,1110063,35602.0
2023-03-21,1102070,3979.0
2023-01-06,1114078,31197.0
2023-10-13,1101068,139.0
2023-07-09,1122066,30074.0
2023-10-28,1119075,3926.0
2023-06-14,1114073,32975.0
2023-05-17,1124064,8055.0
2023-03-11,1117072,26862.0
2023-11-27,1124082,15820.0
2023-10-14,1123059,19704.0
2023-04-06,1116071,37953.0
2023-07-28,1125074,19275.0
2023-11-16,1115053,22653.0
2023-03-24,1104054,13504.0
2023-09-12,1102052,95097.0
2023-10-22,1110061,3298.0
2023-11-12,1106087,10076.0
2023-06-10,1108064,5087.0
2023-05-26,1107072,31641.0
2023-02-18,1114072,5597.0
2023-03-25,1120071,21143.0
2023-10-05,1102069,30000.0
2023-12-05,1119054,164642.0
2023-04-18,1114060,49948.0
2023-05-25,1102071,26344.0
2023-07-03,1109073,8230.0
2023-12-18,1114060,44614.0
2023-10-11,1117054,103661.0
2023-12-11,1124068,4979.0
2023-02-03,1121068,32734.0
2023-01-30,1110062,11563.0
2023-01-13,1114069,6155.0
2023-01-07,1113071,4090.0
2023-06-30,1124065,11025.0
2023-01-28,1119066,3052.0
2023-08-03,1108084,18636.0
2023-05-26,1118058,7588.0
2023-08-03,1106089,12346.0
2023-09-22,1107064,8427.0
2023-06-12,1112072,12156.0
2023-03-31,1119068,21282.0
2023-04-27,1115052,32180.0
2023-05-15,1124077,106942.0
2023-12-24,1108068,8182.0
2023-07-23,1104071,4047.0
2023-04-23,1111061,4233.0
2023-12-02,1124071,15216.0
2023-02-16,1108068,10563.0
2023-03-06,1119067,4203.0
2023-05-04,1101072,8933.0
2023-01-02,1106088,14257.0
2023-12-24,1116070,10978.0
2023-08-03,1104072,5009.0
2023-12-17,1108066,21091.0
2023-01-20,1125051,12209.0
2023-06-08,1111069,26662.0
2023-08-18,1117065,4665.0
2023-03-01,1111060,5162.0
2023-04-19,1111051,15339.0
2023-05-17,1121068,33905.0
2023-04-19,1103057,6362.0
2023-12-10,1102055,73730.0
2023-10-06,1114060,50895.0
2023-03-19,1121054,2475.0
2023-11-29,1103070,5414.0
2023-11-26,1104055,20733.0
2023-01-05,1105062,38206.0
2023-02-26,1110059,27006.0
2023-04-28,1102068,5306.0
2023-01-19,1105067,14893.0
2023-08-11,1112065,26999.0
2023-01-11,1116074,35570.0
2023-06-28,1121062,37656.0
2023-08-27,1110065,16942.0
2023-10-15,1115064,3404.0
2023-01-01,1109060,30580.0
2023-07-02,1112060,3558.0
2023-02-16,1122055,15164.0
2023-01-23,1121057,6785.0
2023-10-22,1109063,9061.0
2023-06-04,1103074,27517.0
2023-10-23,1119063,21021.0
2023-01-09,1114071,6321.0
2023-07-29,1107054,8404.0
2023-07-29,1111073,3042.0
2023-03-03,1118051,95290.0
2023-06-15,1104062,17013.0
2023-01-17,1103053,38674.0
2023-01-11,1121054,4198.0
2023-05-01,1114059,12205.0
2023-11-14,1115070,13323.0
2023-05-19,1111052,15108.0
2023-11-14,1114074,63317.0
2023-02-19,1106072,16859.0
2023-02-07,1104068,50436.0
2023-11-17,1123078,22068.0
2023-07-06,1124080,19788.0
2023-12-18,1117055,7798.0
2023-12-16,1123079,72477.0
2023-10-03,1101067,7671.0
2023-03-14,1112074,15400.0
2023-09-08,1116064,55320.0
2023-10-27,1116053,8413.0
2023-07-07,1106090,10710.0
2023-08-20,1107059,3580.0
2023-04-30,1119054,87035.0
2023-08-11,1124066,33992.0
2023-03-22,1121071,6218.0
2023-07-18,1122064,28370.0
2023-05-11,1123058,71434.0
2023-05-02,1108082,68514.0
2023-10-18,1117056,26913.0
2023-04-03,1115059,4049.0
2023-01-14,1116057,3851.0
2023-02-07,1124059,19848.0
2023-07-27,1119055,37705.0
2023-09-05,1119065,7102.0
2023-06-27,1105053,62498.0
2023-09-01,1111056,27708.0
2023-03-16,1101067,10851.0
2023-05-11,1111056,31494.0
2023-10-25,1116073,84356.0
2023-01-01,1121064,44311.0
2023-05-29,1111072,9823.0
2023-11-10,1123068,5028.0
2023-09-05,1101053,91923.0
2023-08-26,1108082,48038.0
2023-03-15,1123076,18552.0
2023-05-26,1115070,13804.0
2023-12-15,1103064,3048.0
2023-12-13,1123075,44759.0
2023-09-03,1117062,6161.0
2023-09-27,1122057,23460.0
2023-01-30,1107068,4666.0
2023-10-19,1121054,4466.0
2023-06-27,1119069,19265.0
2023-06-09,1122064,31479.0
2023-11-20,1117051,72244.0
2023-10-01,1107072,14677.0
2023-08-05,1109062,5659.0
2023-09-22,1123065,19841.0
2023-11-10,1117062,10862.0
2023-05-28,1108061,8389.0
2023-03-18,1120065,4567.0
2023-01-11,1112073,11489.0
2023-07-07,1123066,28655.0
2023-08-25,1109064,10839.0
2023-11-15,1115057,4688.0
2023-09-12,1125065,18195.0
2023-02-17,1109073,7725.0
2023-09-02,1117052,2775.0
2023-04-18,1112058,34594.0
2023-03-15,1123052,78512.0
2023-06-07,1115052,31495.0
2023-09-14,1116061,15781.0
2023-10-05,1125063,4720.0
2023-07-13,1124062,2743.0
2023-01-23,1106081,28069.0
2023-08-26,1116069,13972.0
2023-02-26,1123060,8445.0
2023-08-11,1113075,80396.0
2023-12-16,1124056,5808.0
2023-10-21,1119074,49445.0
2023-04-10,1106084,10712.0
2023-01-16,1119069,18357.0
2023-10-03,1113072,6176.0
2023-10-29,1112051,19530.0
2023-06-03,1102073,6471.0
2023-06-29,1106071,7857.0
2023-11-06,1122065,10424.0
2023-11-18,1118057,19129.0
2023-09-12,1106086,11876.0
2023-04-30,1104072,2993.0
2023-05-03,1115058,7639.0
2023-08-04,1108059,5913.0
2023-02-24,1124068,4880.0
2023-07-20,1110056,4931.0
2023-01-11,1104058,4981.0
2023-05-15,1108081,15741.0
2023-05-05,1115052,15239.0
2023-04-11,1109073,7263.0
2023-05-04,1108068,12436.0
2023-02-07,1116063,8619.0
2023-06-05,1103065,16753.0
2023-10-25,1117061,13347.0
2023-03-22,1123072,21443.0
2023-02-10,1102057,33005.0
2023-06-26,1107061,3776.0
2023-03-18,1124064,5911.0
2023-04-02,1106088,10182.0
2023-09-04,1113072,12258.0
2023-05-31,1124082,15980.0
2023-09-12,1111077,13411.0
2023-05-16,1118051,97680.0
2023-01-06,1103057,6115.0
2023-04-12,1121065,2769.0
2023-12-01,1124058,14040.0
2023-12-02,1103065,19408.0
2023-05-15,1111058,12410.0
2023-04-02,1124053,7076.0
2023-06-07,1104069,3409.0
2023-11-08,1111065,21480.0
2023-12-21,1104069,3626.0
2023-08-13,1116053,3973.0
2023-01-03,1116058,4443.0
2023-06-23,1103070,6309.0
2023-12-16,1101072,6099.0
2023-04-25,1108061,16557.0
2023-07-15,1124066,23965.0
2023-03-20,1110060,7587.0
2023-10-07,1110062,8770.0
2023-11-22,1123068,4655.0
2023-08-10,1106090,8132.0
2023-05-16,1121061,10129.0
2023-01-30,1124051,3727.0
2023-11-06,1101057,1930.0
2023-09-07,1123067,32922.0
2023-11-16,1112066,20537.0
2023-09-05,1119075,5573.0
2023-01-28,1107064,5567.0
2023-11-08,1114077,56878.0
2023-09-21,1116064,54332.0
2023-05-05,1103073,66807.0
2023-01-10,1114077,53945.0
2023-04-04,1108072,30146.0
2023-09-14,1115065,3559.0
2023-11-18,1120072,54280.0
2023-10-23,1118053,10001.0
2023-01-09,1112060,6620.0
2023-04-24,1119076,37091.0
2023-03-05,1124057,6485.0
2023-07-29,1109062,5787.0
2023-04-21,1101061,203866.0
2023-02-23,1124057,12009.0
2023-09-11,1107073,22275.0
2023-11-27,1104072,5109.0
2023-06-22,1125063,4893.0
2023-05-06,1114066,171672.0
2023-12-15,1105055,5067.0
2023-07-13,1119055,36322.0
2023-06-24,1119075,4219.0
2023-08-25,1103052,19223.0
2023-06-08,1109073,7765.0
2023-12-12,1123059,40613.0
2023-01-25,1115071,14173.0
2023-04-21,1103052,19417.0
2023-09-08,1107070,11647.0
2023-06-24,1109071,29283.0
2023-09-22,1108060,26701.0
2023-02-04,1104058,3708.0
2023-02-10,1115059,3354.0
2023-01-19,1102070,3780.0
2023-11-09,1121072,27793.0
2023-11-01,1118057,25996.0
2023-06-29,1105061,21806.0
2023-05-03,1104069,3507.0
2023-04-17,1120069,6521.0
2023-06-24,1124057,9543.0
2023-12-29,1124068,4684.0
2023-09-19,1125072,3356.0
2023-05-23,1117055,7612.0
2023-10-05,1122059,14244.0
2023-10-13,1114074,70086.0
2023-01-14,1124059,19988.0
2023-08-31,1108064,7377.0
2023-01-13,1101064,50497.0
2023-05-11,1119071,5043.0
2023-09-25,1123076,19042.0
2023-06-08,1121063,79385.0
2023-05-14,1103072,5058.0
2023-09-23,1117071,20616.0
2023-01-29,1112066,9487.0
2023-07-21,1108061,16607.0
2023-11-14,1103057,6353.0
2023-01-12,1124054,3194.0
2023-12-03,1120063,5722.0
2023-05-10,1113071,6639.0
2023-07-23,1103066,2832.0
2023-03-07,1124067,23068.0
2023-09-28,1122060,55764.0
2023-10-05,1104052,20572.0
2023-03-25,1101060,1732.0
2023-08-13,1119062,8138.0
2023-09-16,1118053,8407.0
2023-05-24,1116052,17652.0
2023-06-14,1101053,94954.0
2023-11-18,1110060,5805.0
2023-06-29,1103059,2954.0
2023-09-05,1102072,2728.0
2023-02-02,1112071,45842.0
2023-09-03,1125051,6358.0
2023-06-22,1108068,11691.0
2023-05-10,1121069,22847.0
2023-07-18,1106087,20849.0
2023-11-05,1108078,3449.0
2023-11-06,1101063,70945.0
2023-02-08,1111069,25431.0
2023-01-05,1111058,10940.0
2023-05-03,1111073,4051.0
2023-10-14,1101063,60478.0
2023-08-09,1113069,13675.0
2023-10-05,1112052,22268.0
2023-11-24,1110063,36379.0
2023-05-29,1120069,4067.0
2023-07-30,1111056,11140.0
2023-09-15,1108071,12262.0
2023-08-12,1110051,5888.0
2023-09-08,1116072,9827.0
2023-03-19,1123079,49032.0
2023-12-29,1106090,10422.0
2023-10-24,1123079,95680.0
2023-11-07,1116074,37193.0
2023-11-24,1116057,5247.0
2023-04-27,1113064,11096.0
2023-11-11,1120054,16144.0
2023-09-08,1124063,30333.0
2023-04-26,1102055,
2023-11-18,1116053,5531.0
2023-02-24,1101069,4945.0
2023-10-11,1115053,23501.0
2023-07-03,1108077,16843.0
2023-04-23,1125073,6585.0
2023-05-19,1110055,18296.0
2023-02-18,1124057,8586.0
2023-07-28,1124075,25717.0
2023-12-08,1118060,7994.0
2023-05-27,1114060,29175.0
2023-11-27,1108058,15828.0
2023-06-07,1125058,22541.0
2023-06-15,1125065,17946.0
2023-03-29,1116059,5621.0
2023-09-02,1104066,21162.0
2023-12-01,1108058,15682.0
2023-02-23,1107064,7498.0
2023-11-14,1119056,60752.0
2023-05-13,1101067,9518.0
2023-02-01,1116055,8850.0
2023-11-08,1109062,7720.0
2023-07-07,1124078,29035.0
2023-06-01,1116069,18275.0
2023-07-04,1114070,4980.0
2023-03-03,1119068,20992.0
2023-04-08,1103064,3267.0
2023-11-24,1105055,4999.0
2023-12-16,1122067,16742.0
2023-09-11,1105057,17615.0
2023-04-23,1107057,3587.0
2023-07-19,1119074,51520.0
2023-08-27,1122064,11945.0
2023-03-03,1121063,83940.0
2023-10-06,1112058,36997.0
2023-12-21,1119074,50348.0
2023-08-18,1116052,17723.0
2023-11-16,1118058,5855.0
2023-04-07,1119076,38333.0
2023-01-15,1108081,8088.0
2023-11-28,1101073,19544.0
2023-05-27,1117051,53518.0
2023-03-15,1116052,17527.0
2023-07-27,1124054,3469.0
2023-12-12,1102065,6399.0
2023-10-15,1124080,13367.0
2023-03-31,1111066,57151.0
2023-10-12,1101069,5811.0
2023-09-29,1115070,4015.0
2023-09-21,1102054,151096.0
2023-04-06,1124066,36826.0
2023-12-17,1122058,6130.0
2023-11-03,1108062,13583.0
2023-09-27,1111053,15466.0
2023-05-03,1125059,3713.0
2023-12-27,1119070,6340.0
2023-11-07,1111052,14331.0
2023-05-13,1115053,17071.0
2023-08-18,1116054,39239.0
2023-04-29,1124056,5244.0
2023-09-29,1102072,930.0
2023-09-30,1104058,2241.0
2023-03-22,1104056,47653.0
2023-05-18,1107071,32729.0
2023-11-05,1108076,5476.0
2023-11-28,1121072,28444.0
2023-01-03,1108082,53753.0
2023-08-17,1119062,20550.0
2023-07-28,1115069,6198.0
2023-05-30,1101072,7724.0
2023-02-19,1104073,9519.0
2023-06-30,1102055,112434.0
2023-12-08,1105065,7448.0
2023-05-28,1109070,14776.0
2023-05-15,1124071,18566.0
2023-10-23,1107055,5004.0
2023-05-17,1103065,18696.0
2023-02-05,1122052,46919.0
2023-09-08,1107057,7074.0
2023-03-29,1124082,16020.0
2023-05-28,1123063,23288.0
2023-02-13,1119071,4810.0
2023-05-15,1116059,5665.0
2023-07-15,1118054,12892.0
2023-05-29,1121069,15749.0
2023-02-18,1125063,4093.0
2023-11-13,1107055,5097.0
2023-08-19,1114075,5834.0
2023-02-24,1113072,11655.0
2023-07-30,1124069,13974.0
2023-11-10,1121080,94748.0
2023-10-05,1119073,26547.0
2023-11-02,1103063,6626.0
2023-09-01,1105058,3928.0
2023-03-19,1116052,7098.0
2023-09-11,1118052,28879.0
2023-10-06,1115058,7647.0
2023-01-29,1121068,18531.0
2023-03-09,1108084,20818.0
2023-09-05,1107059,7499.0
2023-08-11,1116064,50509.0
2023-03-13,1125066,60756.0
2023-08-02,1117071,27046.0
2023-10-05,1113073,56172.0
2023-04-10,1115052,31151.0
2023-09-13,1121082,10793.0
2023-11-14,1123072,21834.0
2023-11-06,1111059,26366.0
2023-05-04,1105067,18632.0
2023-04-21,1118054,16530.0
2023-06-04,1104059,5943.0
2023-07-25,1108058,13801.0
2023-10-19,1102059,51775.0
2023-01-03,1111079,35567.0
2023-05-29,1111061,4364.0
2023-03-28,1125071,21356.0
2023-11-16,1123063,84149.0
2023-12-05,1117067,15135.0
2023-06-16,1123068,4926.0
2023-04-25,1107072,31470.0
2023-08-19,1107061,2759.0
2023-08-07,1124082,13900.0
2023-03-03,1118055,11917.0
2023-05-12,1122068,12774.0
2023-12-09,1117070,5862.0
2023-12-17,1124069,16410.0
2023-02-07,1118060,7608.0
2023-01-17,1103066,4050.0
2023-09-14,1108084,21103.0
2023-04-22,1115062,4383.0
2023-12-30,1122065,7305.0
2023-10-30,1120072,64343.0
2023-08-06,1114077,19692.0
2023-04-16,1119073,22396.0
2023-01-15,1103065,12533.0
2023-12-31,1107064,4976.0
2023-05-01,1106090,7653.0
2023-01-08,1104056,26050.0
2023-08-15,1118060,5063.0
2023-08-27,1111064,4027.0
2023-01-07,1112067,13738.0
2023-08-24,1117052,4244.0
2023-03-13,1102057,38342.0
2023-08-27,1107060,23871.0
2023-09-06,1124071,19598.0
2023-05-25,1114074,64994.0
2023-04-13,1101056,9899.0
2023-08-05,1114072,5436.0
2023-04-03,1103053,45840.0
2023-02-11,1108081,10659.0
2023-02-23,1121063,79891.0
2023-07-23,1125071,7027.0
2023-08-25,1102058,14043.0
2023-06-09,1123079,98263.0
2023-06-08,1123065,19676.0
2023-02-19,1117055,4764.0
2023-09-10,1110062,7581.0
2023-10-11,1116072,9649.0
2023-05-27,1109065,15874.0
2023-01-30,1111076,11207.0
2023-06-13,1117052,4132.0
2023-12-11,1111052,13765.0
2023-02-07,1101069,4792.0
2023-11-03,1105057,18044.0
2023-04-16,1117054,44496.0
2023-12-11,1109060,57844.0
2023-09-23,1109072,37453.0
2023-11-02,1115072,32298.0
2023-03-26,1113062,24879.0
2023-06-23,1107069,27912.0
2023-05-10,1108072,30121.0
2023-09-26,1107055,5511.0
2023-07-17,1101060,2422.0
2023-01-30,1108082,54217.0
2023-11-05,1113072,6240.0
2023-04-08,1119072,35180.0
2023-05-10,1104054,13277.0
2023-03-25,1124061,16988.0
2023-12-30,1103072,5767.0
2023-04-26,1113069,
2023-03-14,1123077,73528.0
2023-10-14,1116052,10080.0
2023-01-21,1124053,4762.0
2023-01-04,1122063,10150.0
2023-07-27,1122063,10732.0
2023-11-22,1125055,4295.0
2023-01-01,1109065,12190.0
2023-12-22,1124051,4056.0
2023-10-21,1113071,4557.0
2023-04-25,1112052,21243.0
2023-10-22,1123053,22219.0
2023-05-04,1123077,77399.0
2023-01-26,1116071,39066.0
2023-01-29,1113052,9987.0
2023-10-05,1101056,9667.0
2023-03-18,1117069,17624.0
2023-04-29,1121066,11508.0
2023-03-15,1105057,18122.0
2023-02-01,1109070,26199.0
2023-01-28,1114066,189253.0
2023-08-04,1109061,9355.0
2023-03-07,1116069,18222.0
2023-12-07,1125073,11234.0
2023-08-31,1114076,27411.0
2023-11-11,1108062,9874.0
2023-08-30,1102068,5191.0
2023-12-15,1121072,28199.0
2023-06-05,1101053,86010.0
2023-08-28,1107052,7117.0
2023-07-02,1101061,93706.0
2023-09-20,1121080,92498.0
2023-10-24,1124082,15624.0
2023-08-16,1116061,15411.0
2023-03-14,1121062,38050.0
2023-07-16,1124077,76262.0
2023-10-02,1102073,5249.0
2023-10-15,1108061,9724.0
2023-11-16,1109071,31998.0
2023-06-12,1111056,27775.0
2023-03-30,1117056,26005.0
2023-03-14,1125066,62702.0
2023-03-25,1110060,6185.0
2023-05-09,1117055,7891.0
2023-12-17,1105053,44328.0
2023-01-26,1110052,10264.0
2023-11-19,1125058,10586.0
2023-03-29,1117067,15787.0
2023-06-24,1108063,9124.0
2023-12-06,1117055,7662.0
2023-07-06,1113068,23111.0
2023-11-25,1124052,4444.0
2023-04-12,1124051,3928.0
2023-03-17,1103066,4541.0
2023-11-10,1118057,26692.0
2023-01-13,1124056,6604.0
2023-07-26,1101056,8869.0
2023-08-27,1116073,42877.0
2023-08-15,1108060,10259.0
2023-08-07,1103073,93161.0
2023-11-11,11250760,0.0
2023-04-01,1103065,19450.0
2023-01-13,1102071,23542.0
2023-02-10,1110059,48529.0
2023-01-02,1105064,6284.0
2023-05-12,1119065,6871.0
2023-03-20,1117055,7809.0
2023-07-23,1114060,20724.0
2023-09-29,1113070,4827.0
2023-08-18,1108082,61610.0
2023-07-05,1108061,16724.0
2023-01-28,1116072,5543.0
2023-05-12,1122066,87332.0
2023-12-25,1118059,2028.0
2023-04-16,1119072,30823.0
2023-06-26,1102071,23564.0
2023-05-03,1103074,44053.0
2023-04-18,1117072,35087.0
2023-03-18,1102055,82767.0
2023-10-27,1115053,23582.0
2023-12-30,1101072,6036.0
2023-03-29,1112071,47725.0
2023-09-22,1113071,6907.0
2023-05-09,1112059,19428.0
2023-05-08,1118057,27722.0
2023-12-15,1105063,21628.0
2023-01-05,1101069,4881.0
2023-01-02,1116055,8367.0
2023-11-05,1105064,3979.0
2023-01-09,1123080,14247.0
2023-10-09,1109060,37911.0
2023-11-26,1102052,41780.0
2023-01-23,1112055,20300.0
2023-08-22,1104072,5622.0
2023-12-26,1105060,34873.0
2023-03-16,1122060,93870.0
2023-01-04,1125074,17904.0
2023-04-04,1110052,10252.0
2023-10-20,1106082,33821.0
2023-12-26,1115069,5991.0
2023-06-07,1120068,49417.0
2023-06-05,1123063,71653.0
2023-01-20,1115062,5419.0
2023-07-28,1118052,28858.0
2023-08-03,1120067,4193.0
2023-11-18,1119075,3889.0
2023-02-23,1116059,5411.0
2023-02-23,1108058,14378.0
2023-05-20,1124053,10254.0
2023-12-26,1123058,61334.0
2023-12-10,1111079,22261.0
2023-10-26,1116058,4008.0
2023-02-21,1105066,6534.0
2023-12-28,1114071,7592.0
2023-11-19,1108068,7573.0
2023-09-11,1110053,8633.0
2023-10-30,1114071,6578.0
2023-10-18,1104068,50076.0
2023-12-10,1124059,19616.0
2023-03-18,1122061,5635.0
2023-01-11,1108084,18815.0
2023-02-09,1110055,16886.0
2023-04-08,1120063,7400.0
2023-10-01,1115070,5781.0
2023-12-01,1117069,29898.0
2023-01-04,1116065,2164.0
2023-01-11,1102060,66198.0
2023-01-02,1101071,17978.0
2023-04-18,1105053,61172.0
2023-04-30,1124057,6744.0
2023-10-24,1102073,9961.0
2023-11-15,1116074,39379.0
2023-03-23,1121052,12156.0
2023-02-18,1111059,17477.0
2023-09-19,1109071,35006.0
2023-11-09,1113066,8000.0
2023-06-04,1125072,2026.0
2023-06-06,1102052,48466.0
2023-08-11,1119062,18898.0
2023-04-12,1106071,9512.0
2023-01-16,1124061,18367.0
2023-08-06,1123071,2908.0
2023-10-30,1108085,34009.0
2023-07-13,1104055,19037.0
2023-03-22,1108061,17240.0
2023-07-18,1118055,11766.0
2023-12-18,1112052,20557.0
2023-06-19,1122068,11127.0
2023-07-07,1122056,3414.0
2023-11-13,1106090,10318.0
2023-08-13,1108083,11767.0
2023-09-06,1124065,10686.0
2023-09-12,1113075,99782.0
2023-10-26,1115072,31551.0
2023-12-13,1123071,7026.0
2023-05-18,1124069,44454.0
2023-02-03,1116065,2315.0
2023-05-07,1101072,5772.0
2023-04-27,1116055,9087.0
2023-04-07,1123063,86160.0
2023-06-07,1101054,4308.0
2023-10-07,1124077,107358.0
2023-11-24,1107055,5284.0
2023-06-05,1116072,8374.0
2023-11-13,1108068,9991.0
2023-09-12,1110065,26319.0
2023-02-04,1121073,17944.0
2023-12-09,1101056,7968.0
2023-10-03,1106081,43456.0
2023-12-14,1104072,5299.0
2023-04-16,1123077,37444.0
2023-07-19,1109072,44301.0
2023-10-16,1104059,11314.0
2023-08-28,1107062,25826.0
2023-12-24,1120070,9574.0
2023-09-21,1111065,22101.0
2023-02-21,1101056,8538.0
2023-10-08,1115061,2287.0
2023-07-26,1122062,25902.0
2023-04-04,1110055,17164.0
2023-01-01,1113064,4754.0
2023-05-19,1124071,20166.0
2023-05-11,1123079,101165.0
2023-02-25,1111073,2862.0
2023-01-01,1108077,8056.0
2023-10-05,1106090,10478.0
2023-11-28,1108072,29247.0
2023-11-13,1121072,27341.0
2023-01-27,1110056,4726.0
2023-11-01,1116065,2228.0
2023-08-16,1104055,17555.0
2023-11-13,1125070,12363.0
2023-10-26,1120072,65933.0
2023-08-21,1117068,26765.0
2023-02-21,1114068,6589.0
2023-09-17,1117072,19922.0
2023-02-03,1107055,4780.0
2023-05-04,1112065,30612.0
2023-01-15,1118061,6545.0
2023-02-09,1122063,10467.0
2023-07-14,1110052,10190.0
2023-01-21,1110060,3890.0
2023-02-18,1124067,14633.0
2023-03-17,1110054,6620.0
2023-11-25,1121080,69270.0
2023-10-24,1108068,11318.0
2023-09-28,1109071,19419.0
2023-03-16,1124057,12201.0
2023-07-04,1102054,138199.0
2023-11-26,1123063,24839.0
2023-02-01,1115072,30999.0
2023-05-28,1124054,1650.0
2023-12-02,1125073,8553.0
2023-07-02,1116053,4147.0
2023-12-27,1117064,11457.0
2023-02-01,1122062,25945.0
2023-05-01,1110057,7421.0
2023-08-29,1116055,8971.0
2023-01-17,1103063,5679.0
2023-12-14,1120073,56030.0
2023-04-22,1109075,7923.0
2023-06-14,1121057,16942.0
2023-08-11,1120056,7009.0
2023-02-05,1104068,21643.0
2023-07-30,1105064,3895.0
2023-12-31,1109064,6784.0
2023-08-06,1105060,15190.0
2023-12-20,1114078,34152.0
2023-04-12,1120067,4628.0
2023-01-07,1108064,3379.0
2023-12-07,1111066,55855.0
2023-12-21,1120056,7176.0
2023-11-27,1102054,147283.0
2023-08-21,1125058,20967.0
2023-08-29,1102069,29045.0
2023-08-10,1114061,2812.0
2023-08-26,1115053,16136.0
2023-01-24,1125055,1226.0
2023-08-30,1102072,2634.0
2023-08-04,1124064,7695.0
2023-10-04,1121064,80829.0
2023-11-13,1121079,10277.0
2023-09-02,1112074,12314.0
2023-10-06,1114075,8530.0
2023-09-21,1109064,10544.0
2023-01-16,1111065,20429.0
2023-07-23,1119067,2282.0
2023-06-26,1107071,28986.0
2023-08-25,1109061,10467.0
2023-04-24,1105060,34234.0
2023-09-27,1124077,108691.0
2023-04-23,1123058,30560.0
2023-01-06,1114063,2491.0
2023-08-03,1122067,25513.0
2023-08-03,1112059,17943.0
2023-09-28,1104054,6545.0
2023-10-11,1124066,37720.0
2023-10-17,1109063,15464.0
2023-01-15,1103071,3993.0
2023-05-30,1101055,13873.0
2023-06-10,1112055,34008.0
2023-09-19,1124059,22104.0
2023-04-01,1114073,28865.0
2023-11-28,1104062,16590.0
2023-04-19,1108084,20823.0
2023-03-11,1112066,14527.0
2023-04-14,1111066,56955.0
2023-06-26,1116051,14544.0
2023-07-15,1122056,1810.0
2023-11-30,1105067,14122.0
2023-08-18,1109075,10521.0
2023-04-10,1102073,9826.0
2023-01-29,1106071,2988.0
2023-07-22,1123071,4342.0
2023-05-20,1120069,5258.0
2023-04-07,1116054,39195.0
2023-11-28,1116065,2495.0
2023-09-08,1121065,3158.0
2023-01-22,1119063,6745.0
2023-11-04,1117054,61998.0
2023-05-14,1118052,13737.0
2023-05-03,1111078,28297.0
2023-03-12,1111051,6578.0
2023-01-18,1115063,6188.0
2023-10-13,1121082,11026.0
2023-03-06,1119071,4914.0
2023-11-16,1125055,3802.0
2023-03-16,1103074,42464.0
2023-03-12,1109075,5468.0
2023-07-18,1104073,17836.0
2023-06-12,1108077,18804.0
2023-09-06,1101069,6079.0
2023-07-10,1103063,6445.0
2023-12-26,1119068,19417.0
2023-01-11,1114060,40718.0
2023-07-16,1112060,3138.0
2023-08-04,1111072,15901.0
2023-07-04,1113066,8014.0
2023-10-11,1107057,6709.0
2023-04-26,1110061,
2023-01-17,1104057,14366.0
2023-12-08,1103074,42951.0
2023-05-05,1119075,3034.0
2023-04-04,1104069,3408.0
2023-06-28,1120069,7263.0
2023-09-07,1120052,15140.0
2023-05-31,1123076,18547.0
2023-09-25,1106081,86171.0
2023-07-17,1119074,48483.0
2023-02-04,1124079,21732.0
2023-08-14,1121078,13743.0
2023-04-20,1124062,2581.0
2023-10-02,1125073,7402.0
2023-09-07,1115051,64706.0
2023-05-15,1102073,9992.0
2023-07-02,1101069,2440.0
2023-01-31,1105057,16979.0
2023-03-11,1122064,18387.0
2023-06-30,1103053,44146.0
2023-10-23,1124057,11280.0
2023-01-22,1109063,6744.0
2023-05-22,1114060,49666.0
2023-01-27,1125055,3734.0
2023-03-08,1125059,3656.0
2023-12-03,1101055,5236.0
2023-06-25,1112066,10541.0
2023-03-26,1121065,1666.0
2023-10-10,1108063,11695.0
2023-12-08,1107055,5189.0
2023-11-04,1124081,21703.0
2023-02-03,1116051,15377.0
2023-11-27,1119066,4417.0
2023-02-07,1109074,14917.0
2023-04-09,1116052,6882.0
2023-09-16,1102073,6825.0
2023-03-21,1124078,17866.0
2023-11-06,1119066,4430.0
2023-05-08,1103058,16160.0
2023-04-30,1110055,11217.0
2023-04-12,1116055,9315.0
2023-04-06,1101053,94810.0
2023-11-03,1107061,3838.0
2023-03-17,1116073,85878.0
2023-12-21,1125058,21257.0
2023-04-20,1115059,4088.0
2023-12-20,1119055,40232.0
2023-04-16,1111061,4362.0
2023-04-27,1109069,14067.0
2023-11-18,1123078,15209.0
2023-01-01,1116064,16131.0
2023-07-24,1115057,4662.0
2023-07-18,1103058,14275.0
2023-01-01,1125052,10013.0
2023-08-22,1112055,41500.0
2023-07-13,1120056,7105.0
2023-10-05,1105053,64689.0
2023-02-14,1116051,15098.0
2023-05-20,1115063,5272.0
2023-11-05,1122064,11181.0
2023-01-09,1114075,7310.0
2023-03-05,1115060,3355.0
2023-02-27,1108059,5418.0
2023-08-27,1111066,33695.0
2023-04-21,1106089,15224.0
2023-09-21,1114072,8732.0
2023-10-12,1124060,23469.0
2023-03-12,1108060,10364.0
2023-03-26,1112051,19309.0
2023-09-09,1123060,14591.0
2023-07-24,1124060,22465.0
2023-06-28,1107062,26785.0
2023-04-11,1115060,6062.0
2023-08-01,1120067,4104.0
2023-05-24,1107073,22387.0
2023-02-18,1123052,56086.0
2023-12-27,1102068,5143.0
2023-06-27,1123073,3768.0
2023-10-03,1119066,2436.0
2023-07-06,1124082,15611.0
2023-12-21,1125074,18374.0
2023-11-12,1108066,21608.0
2023-07-30,1104066,13347.0
2023-08-08,1105064,6765.0
2023-01-05,1108085,32356.0
2023-05-02,1105062,39708.0
2023-05-28,1124059,17340.0
2023-03-10,1114060,52365.0
2023-07-30,1112057,5894.0
2023-08-24,1108060,20823.0
2023-09-27,1119076,36547.0
2023-11-03,1113065,5987.0
2023-11-30,1123059,39998.0
2023-10-19,1103063,5927.0
2023-01-20,1123072,19084.0
2023-08-04,1108062,11696.0
2023-10-28,1123073,2400.0
2023-11-08,1105055,4885.0
2023-11-21,1120068,48968.0
2023-06-03,1109061,7825.0
2023-04-23,1115053,11464.0
2023-06-01,1103072,10080.0
2023-12-02,1108083,15827.0
2023-12-05,1109069,13578.0
2023-07-24,1124054,3406.0
2023-01-14,1108083,14483.0
2023-03-23,1102055,111636.0
2023-12-25,1119074,46037.0
2023-07-14,1103053,40809.0
2023-12-26,1110056,4601.0
2023-09-17,1102055,70468.0
2023-09-10,1116064,22782.0
2023-11-28,1114060,50705.0
2023-06-30,1115062,5935.0
2023-07-13,1111051,12142.0
2023-06-26,1111058,11773.0
2023-09-15,1116055,9698.0
2023-05-27,1112067,12991.0
2023-02-21,1112066,19684.0
2023-06-01,1111060,9243.0
2023-08-12,1125052,16320.0
2023-06-05,1105060,31009.0
2023-06-27,1102072,2726.0
2023-02-22,1104071,8100.0
2023-06-16,1124062,2723.0
2023-08-24,1107054,11720.0
2023-02-02,1122064,28801.0
2023-02-04,1113074,5678.0
2023-01-03,1108081,13548.0
2023-01-24,1109072,18900.0
2023-06-05,1116059,5223.0
2023-05-10,1107061,4089.0
2023-02-06,1120065,5981.0
2023-09-02,1105058,3021.0
2023-11-30,1119066,4459.0
2023-07-25,1113062,43104.0
2023-10-09,1120070,7980.0
2023-03-10,1124062,2666.0
2023-11-16,1104058,4756.0
2023-03-24,1108084,21343.0
2023-05-12,1102057,42185.0
2023-10-01,1125066,31281.0
2023-12-06,1105053,63244.0
2023-01-14,1101073,13897.0
2023-10-29,1111052,7026.0
2023-01-24,1124053,4369.0
2023-03-05,1107064,4457.0
2023-08-11,1102070,3572.0
2023-07-09,1112066,9324.0
2023-12-18,1117061,14133.0
2023-03-27,1122053,78937.0
2023-06-26,1106086,11532.0
2023-04-04,1105067,15884.0
2023-01-28,1105059,34425.0
2023-06-10,1117072,26458.0
2023-05-28,1106091,4083.0
2023-11-02,1101064,59963.0
2023-07-30,1108061,8450.0
2023-04-01,1118057,22269.0
2023-07-10,1117071,30229.0
2023-03-30,1122064,34304.0
2023-01-26,1109072,41748.0
2023-01-28,1121080,66834.0
2023-12-19,1117056,26235.0
2023-05-24,1117052,4262.0
2023-11-03,1119069,19356.0
2023-02-05,1120073,29394.0
2023-02-24,1106084,9265.0
2023-06-09,1110063,36692.0
2023-06-23,1113070,13493.0
2023-03-01,1124081,19641.0
2023-04-11,1123068,4480.0
2023-10-15,1104070,24780.0
2023-02-02,1105053,61291.0
2023-03-10,1117051,79523.0
2023-06-27,1123052,79775.0
2023-11-28,1108061,16677.0
2023-06-01,1114068,6671.0
2023-08-04,1105055,4540.0
2023-10-09,1103059,2070.0
2023-10-29,1111059,14529.0
2023-10-02,1119068,10841.0
2023-01-28,1123077,56586.0
2023-01-03,1123072,19260.0
2023-09-16,1116072,7171.0
2023-01-12,1111052,12084.0
2023-01-31,1111061,6488.0
2023-08-29,1122057,22146.0
2023-07-05,1122051,64206.0
2023-10-27,1110051,8715.0
2023-03-12,1123058,26875.0
2023-05-26,1121078,15523.0
2023-07-31,1111056,21782.0
2023-05-25,1102072,2630.0
2023-09-29,1122064,5004.0
2023-05-25,1108083,20066.0
2023-06-02,1121078,15144.0
2023-02-26,1121065,1649.0
2023-05-01,1124053,9756.0
2023-07-25,1122057,23050.0
2023-11-01,1125070,12994.0
2023-07-01,1121063,66633.0
2023-03-30,1102070,3996.0
2023-02-28,1102073,9847.0
2023-10-05,1122051,63734.0
2023-09-30,1108071,4714.0
2023-02-27,1116059,5166.0
2023-11-20,1103066,4178.0
2023-11-23,1108085,34605.0
2023-11-22,1115071,16253.0
2023-12-01,1116059,5687.0
2023-07-24,1113072,11631.0
2023-07-12,1115051,65616.0
2023-12-18,1110061,5380.0
2023-12-03,1122068,5295.0
2023-12-04,1107065,14440.0
2023-02-02,1104070,48049.0
2023-08-09,1119066,4573.0
2023-02-21,1111069,25041.0
2023-04-27,1122067,28907.0
2023-12-26,1111052,12637.0
2023-08-17,1108071,12180.0
2023-05-30,1106081,77553.0
2023-06-08,1115063,6400.0
2023-08-21,1101056,8826.0
2023-05-13,1101058,7932.0
2023-08-07,1104062,15699.0
2023-05-25,1108065,23615.0
2023-07-14,1124065,10637.0
2023-06-21,1108083,18598.0
2023-12-25,1124061,13632.0
2023-12-02,1117052,2505.0
2023-01-28,1125051,7670.0
2023-05-05,1122060,82061.0
2023-06-09,1112073,13017.0
2023-02-11,1115072,21205.0
2023-02-25,1119070,4342.0
2023-10-07,1107068,3756.0
2023-10-30,1105060,34714.0
2023-05-28,1119070,3748.0
2023-10-08,1118057,15317.0
2023-08-05,1123078,13337.0
2023-08-19,1104069,2261.0
2023-01-14,1101068,121.0
2023-03-19,1113075,55916.0
2023-04-19,1117061,15139.0
2023-02-15,1103051,5722.0
2023-11-10,1122063,11763.0
2023-04-06,1114060,52064.0
2023-03-05,1116073,43804.0
2023-08-10,1123067,26895.0
2023-01-22,1115061,1496.0
2023-09-01,1116067,29714.0
2023-10-28,1121083,13081.0
2023-02-02,1111066,53417.0
2023-11-29,1101063,72865.0
2023-12-30,1117054,55852.0
2023-05-31,1101063,74861.0
2023-11-27,1107052,7072.0
2023-11-24,1122056,3158.0
2023-01-03,1106080,11759.0
2023-06-25,1123078,10269.0
2023-04-26,1116057,
2023-08-06,1111077,6900.0
2023-07-03,1120067,4753.0
2023-07-04,1103058,14348.0
2023-01-27,1103069,7877.0
2023-06-04,1122061,4188.0
2023-03-15,1104066,28108.0
2023-09-28,1104071,3606.0
2023-05-14,1124071,11446.0
2023-11-08,1107059,7225.0
2023-06-16,1122057,24887.0
2023-11-20,1125058,21949.0
2023-09-01,1122060,110662.0
2023-05-09,1115065,3432.0
2023-12-31,1124080,13555.0
2023-09-05,1109064,10659.0
2023-10-05,1113075,98080.0
2023-11-26,1117051,46071.0
2023-10-11,1114073,36667.0
2023-06-04,1119074,38050.0
2023-06-22,1117055,7748.0
2023-05-31,1109071,35711.0
2023-07-01,1105065,5692.0
2023-06-09,1124066,38112.0
2023-02-04,1106091,5766.0
2023-12-05,1112052,21409.0
2023-06-07,1102057,39333.0
2023-07-31,1124066,32485.0
2023-05-15,1119076,38217.0
2023-04-22,1122066,47909.0
2023-11-07,1114072,8393.0
2023-08-14,1124071,17539.0
2023-02-10,1123068,4878.0
2023-08-08,1124054,3532.0
2023-10-04,1121052,11559.0
2023-09-28,1109069,6206.0
2023-07-28,1101063,75982.0
2023-06-05,1117051,70187.0
2023-11-11,1122065,7826.0
2023-03-09,1109061,9413.0
2023-05-28,1107062,13796.0
2023-11-26,1107064,4697.0
2023-07-08,1103071,5504.0
2023-03-23,1119054,162552.0
2023-07-21,1122054,16301.0
2023-01-11,1108062,12012.0
2023-01-01,1110057,4649.0
2023-06-09,1101058,11589.0
2023-09-03,1108071,6961.0
2023-03-31,1111074,7552.0
2023-04-20,1103069,8359.0
2023-07-07,1125051,13394.0
2023-03-23,1112072,11899.0
2023-04-26,1110057,
2023-07-13,1116072,8727.0
2023-12-18,1104058,5023.0
2023-11-03,1107055,5238.0
2023-10-03,1124071,10268.0
2023-07-09,1123075,23047.0
2023-07-14,1121061,9826.0
2023-02-10,1116059,5606.0
2023-10-22,1107069,12962.0
2023-06-11,1103071,4520.0
2023-03-05,1108077,9858.0
2023-03-22,1117062,10476.0
2023-03-08,1112051,36471.0
2023-11-27,1120068,47494.0
2023-09-27,1121073,31545.0
